followers_count,friends_count,listed_count,favorites_count,statuses_count,stance,count,word_count,char_count,avg_word,hastags,mentions,number_digit,uppercase,lowercase,publishing_days,membership_years,cnn,colton,pubd_5,pubd_6,pubd_7,pubd_38,pubd_39,memb_1,memb_2
11102,10796,3,14237,18143,Strong Agreement,3,18,95,4.333333333333333,1,0,0,0,13,13,2,0,0,0,0,0,0,0,0,1
16018,9948,42,154509,189181,Strong Agreement,4,43,227,4.3023255813953485,0,0,0,4,32,14,3,0,0,0,0,0,0,0,0,0
1957,2118,1,15054,19454,Neutral,3,29,224,6.758620689655173,3,0,0,1,24,13,3,0,0,0,0,0,0,0,0,0
792,1063,41,11672,52191,Strong Agreement,5,21,140,5.714285714285714,0,0,0,0,20,14,8,0,0,0,0,0,0,0,0,0
5440,5073,3,7350,4807,Weak Disagreement,3,38,183,3.945945945945946,0,0,0,2,34,13,10,0,0,0,0,0,0,0,0,0
188,40,2,28744,11073,Weak Agreement,4,30,168,4.633333333333334,0,0,0,3,24,13,6,0,0,0,0,0,0,0,0,0
8587,5489,7,15526,6992,Neutral,3,13,65,4.416666666666667,0,0,0,0,10,13,1,0,0,0,0,0,0,0,1,0
168,74,6,620,3618,Neutral,5,15,108,6.266666666666667,1,0,0,0,13,13,10,0,0,0,0,0,0,0,0,0
2180,1026,44,177742,188259,Weak Agreement,3,10,54,4.5,0,0,0,0,6,13,2,0,0,0,0,0,0,0,0,1
29,109,1,9962,671,Neutral,3,12,77,5.5,0,0,0,1,10,13,7,0,0,0,0,0,0,0,0,0
1136,1256,19,11346,21107,Neutral,3,13,79,5.153846153846154,1,0,0,0,12,13,2,0,0,0,0,0,0,0,0,1
2573,724,102,23338,6280,Neutral,4,7,37,4.428571428571429,0,0,0,0,4,13,10,0,0,0,0,0,0,0,0,0
2542,3334,0,41074,5030,Strong Agreement,3,28,159,4.714285714285714,0,0,0,0,24,13,1,0,0,0,0,0,0,0,1,0
7101,7815,2,107385,45804,Neutral,4,1,8,8.0,0,0,0,0,0,13,2,0,0,0,0,0,0,0,0,1
1170,1831,1,4314,1388,Weak Agreement,3,26,132,4.115384615384615,0,0,0,0,22,14,8,0,0,0,0,0,0,0,0,0
317,601,6,14587,6587,Weak Agreement,3,1,15,15.0,1,0,0,0,0,13,7,0,0,0,0,0,0,0,0,0
1655,1462,88,2440,9167,Weak Disagreement,3,20,107,4.4,2,0,0,0,16,14,8,0,0,0,0,0,0,0,0,0
421,542,0,641,2574,Neutral,3,7,36,4.285714285714286,0,0,0,0,6,14,1,0,0,0,0,0,0,0,1,0
1955,2049,1,44119,22229,Strong Agreement,4,11,78,6.8,0,0,0,0,4,14,2,0,0,0,0,0,0,0,0,1
848,950,5,5592,13294,Neutral,3,5,41,7.4,0,0,0,0,2,13,1,0,0,0,0,0,0,0,1,0
659,140,1,8635,5651,Weak Agreement,3,7,31,3.5714285714285716,0,0,0,0,5,13,3,0,0,0,0,0,0,0,0,0
256,119,2,14751,25031,Strong Agreement,3,23,285,9.8,23,0,0,4,1,14,2,0,0,0,0,0,0,0,0,1
515,600,1,360,6887,Neutral,3,30,166,4.566666666666666,0,0,0,1,26,14,2,0,0,0,0,0,0,0,0,1
38,47,0,808,777,Neutral,3,2,11,5.0,0,0,0,1,1,13,1,0,0,0,0,0,0,0,1,0
174,85,10,8993,23126,Strong Agreement,3,51,278,4.470588235294118,0,0,0,2,36,13,8,0,0,0,0,0,0,0,0,0
7801,4122,290,9487,141360,Neutral,3,14,73,4.285714285714286,0,0,0,0,13,15,10,0,0,0,0,0,0,0,0,0
1535,2252,68,25135,54331,Neutral,3,10,60,5.1,0,0,0,0,9,14,10,0,0,0,0,0,0,0,0,0
4602,5054,55,30270,75024,Neutral,4,10,37,3.5,0,0,0,0,5,14,4,0,0,0,0,0,0,0,0,0
4602,5054,55,30270,75024,Weak Agreement,3,9,51,5.375,0,0,0,0,4,14,4,0,0,0,0,0,0,0,0,0
1778,2348,1,9396,7637,Neutral,3,2,10,4.5,0,0,0,0,1,14,1,0,0,0,0,0,0,0,1,0
3370,2487,14,40926,39779,Weak Agreement,3,2,33,16.0,1,0,0,0,0,14,6,0,0,0,0,0,0,0,0,0
1384,1335,13,3762,3020,Weak Agreement,4,10,49,4.0,0,0,0,0,9,14,1,0,0,0,0,0,0,0,1,0
626,1002,1,9502,4556,Weak Agreement,3,17,98,4.470588235294118,0,0,0,1,13,13,4,0,0,0,0,0,0,0,0,0
5016,4942,77,47982,87919,Weak Agreement,3,8,45,4.75,0,0,0,0,6,13,8,0,0,0,0,0,0,0,0,0
5016,4942,77,47982,87919,Strong Agreement,4,23,124,4.434782608695652,0,1,1,2,15,13,8,0,0,0,0,0,0,0,0,0
46,114,1,255,2128,Strong Agreement,3,21,120,5.0,0,0,0,1,17,13,2,0,0,0,0,0,0,0,0,1
366,1095,1,3717,4358,Weak Agreement,3,24,131,4.695652173913044,0,0,0,1,21,13,4,0,0,0,0,0,0,0,0,0
228,149,0,44928,12869,Weak Agreement,3,11,55,4.090909090909091,0,0,0,0,9,13,2,0,0,0,0,0,0,0,0,1
5508,5740,51,35510,36610,Neutral,3,20,125,5.3,0,0,0,0,18,13,5,0,0,0,0,0,0,0,0,0
4717,4755,3,6271,19019,Neutral,3,10,50,4.1,0,0,0,0,9,13,2,0,0,0,0,0,0,0,0,1
834,347,13,97153,74819,Neutral,3,10,64,5.5,0,0,0,0,9,13,8,0,0,0,0,0,0,0,0,0
129,306,8,3219,3824,Strong Agreement,3,18,83,3.8823529411764706,0,0,0,0,14,13,5,0,0,0,0,0,0,0,0,0
806,1035,2,53174,25149,Strong Agreement,3,42,259,5.190476190476191,0,0,0,0,35,12,2,0,0,0,0,0,0,0,0,1
806,1035,2,53174,25149,Strong Agreement,3,42,243,4.809523809523809,0,0,0,2,35,12,2,0,0,0,0,0,0,0,0,1
1946,3135,2,15043,12966,Strong Agreement,3,34,218,5.4411764705882355,0,1,0,0,26,27,5,0,0,0,0,0,0,0,0,0
74,260,0,3083,2439,Neutral,4,9,60,5.777777777777778,0,1,0,0,9,17,6,0,0,0,0,0,0,0,0,0
96,282,4,4096,2031,Strong Agreement,3,3,22,6.666666666666667,0,0,0,0,2,15,3,0,0,0,0,0,0,0,0,0
5,36,0,679,1182,Neutral,3,10,59,5.0,0,0,0,0,8,15,5,0,0,0,0,0,0,0,0,0
1729,2582,8,1294,8534,Weak Agreement,3,33,192,4.848484848484849,0,0,2,6,12,14,9,0,0,0,0,0,0,0,0,0
4,33,0,287,1152,Neutral,3,13,69,4.384615384615385,0,0,0,1,9,14,1,0,0,0,0,0,0,0,1,0
491,934,21,1252,21969,Strong Disagreement,3,45,282,5.108695652173913,0,0,0,2,42,14,8,0,0,0,0,0,0,0,0,0
37,119,1,1184,351,Neutral,3,8,37,3.75,0,0,0,0,5,14,2,0,0,0,0,0,0,0,0,1
214,482,1,8739,15967,Neutral,5,20,103,4.2,0,0,0,1,19,14,9,0,0,0,0,0,0,0,0,0
148,98,0,7504,7026,Neutral,4,37,182,3.945945945945946,0,0,0,1,34,14,2,0,0,0,0,0,0,0,0,1
855,944,1,7371,10702,Neutral,4,44,278,4.8478260869565215,0,0,0,2,36,14,1,0,0,0,0,0,0,0,1,0
732,1203,15,8439,16001,Neutral,3,6,34,4.833333333333333,0,0,0,0,5,14,5,0,0,0,0,0,0,0,0,0
134,100,6,2314,3999,Neutral,3,8,45,4.75,0,0,0,0,7,14,6,0,0,0,0,0,0,0,0,0
506,533,23,17349,20229,Strong Agreement,3,6,33,4.666666666666667,0,0,0,0,5,14,4,0,0,0,0,0,0,0,0,0
679,485,0,4480,2497,Neutral,3,15,74,4.0,0,0,0,0,13,14,1,0,0,0,0,0,0,0,1,0
67,101,0,2231,1123,Neutral,3,9,59,5.666666666666667,0,0,0,0,7,14,7,0,0,0,0,0,0,0,0,0
89,98,0,6166,6593,Neutral,3,17,91,4.411764705882353,0,0,0,0,14,14,1,0,0,0,0,0,0,0,1,0
134,510,0,4552,3407,Weak Agreement,4,2,18,8.5,0,0,0,0,0,14,6,0,0,0,0,0,0,0,0,0
6839,7122,11,157,16571,Neutral,3,33,173,4.2727272727272725,0,0,0,0,29,14,3,0,0,0,0,0,0,0,0,0
75,102,0,8565,6335,Neutral,4,26,138,4.6521739130434785,3,0,0,2,16,14,5,0,0,0,0,0,0,0,0,0
963,1292,8,33190,23641,Strong Agreement,3,39,232,4.82051282051282,0,0,0,2,31,14,9,0,0,0,0,0,0,0,0,0
1837,3261,4,2398,764,Neutral,3,12,67,4.666666666666667,0,0,0,0,10,14,9,0,0,0,0,0,0,0,0,0
4235,4224,22,77609,53650,Neutral,3,21,103,4.368421052631579,0,0,0,0,17,14,4,0,0,0,0,0,0,0,0,0
1396,1799,19,37319,31511,Neutral,4,17,107,4.888888888888889,0,0,0,0,12,14,9,0,0,0,0,0,0,0,0,0
199,278,0,7533,5312,Strong Disagreement,3,47,256,4.468085106382978,0,0,0,0,44,14,6,0,0,0,0,0,0,0,0,0
80542,80139,533,5687,172830,Strong Agreement,4,6,33,4.666666666666667,0,0,0,0,5,7,6,0,0,0,0,1,0,0,0,0
346,4510,7,3398,1504,Neutral,3,5,29,5.0,0,0,0,0,4,6,6,0,0,0,1,0,0,0,0,0
7975,8096,3,4828,221962,Strong Agreement,4,22,131,5.0,0,0,1,3,17,17,2,0,0,0,0,0,0,0,0,1
4566,3918,19,37344,20745,Neutral,4,12,124,8.461538461538462,0,0,0,0,11,7,2,0,0,0,0,1,0,0,0,1
95,229,3,1226,7325,Strong Disagreement,4,33,181,4.65625,0,0,0,1,25,6,3,0,0,0,1,0,0,0,0,0
6022,5465,145,74967,37741,Strong Agreement,5,4,21,4.5,1,0,0,0,3,7,3,0,0,0,0,1,0,0,0,0
3850,5001,30,114060,83535,Neutral,5,1,12,12.0,0,1,0,0,0,12,2,0,0,0,0,0,0,0,0,1
3564,3965,5,14208,4032,Weak Agreement,4,9,56,4.5,0,0,0,0,5,7,9,0,0,0,0,1,0,0,0,0
2846,4697,22,2560,6417,Weak Agreement,4,3,17,7.5,0,0,0,0,0,14,9,0,0,0,0,0,0,0,0,0
2846,4697,22,2560,6417,Strong Agreement,4,6,48,5.285714285714286,0,0,1,0,4,14,9,0,0,0,0,0,0,0,0,0
21333,21738,31,3468,34884,Weak Agreement,4,36,222,5.194444444444445,0,0,1,0,31,13,7,0,0,0,0,0,0,0,0,0
7936,5027,513,194904,252994,Strong Agreement,3,28,153,4.5,0,0,1,0,24,7,4,0,0,0,0,1,0,0,0,0
3010,3722,20,5870,14687,Strong Agreement,5,10,68,5.9,0,0,0,1,8,7,2,0,0,0,0,1,0,0,0,1
3951,4963,0,3195,6094,Strong Agreement,3,3,22,6.666666666666667,0,0,0,0,2,16,3,0,0,0,0,0,0,0,0,0
533,646,34,3454,47063,Weak Agreement,3,34,188,4.5588235294117645,0,1,0,3,27,14,8,0,0,0,0,0,0,0,0,0
609,634,2,8301,7651,Strong Agreement,4,46,272,4.702127659574468,0,0,0,0,44,13,1,0,0,0,0,0,0,0,1,0
42235,42167,464,23,450619,Strong Agreement,3,37,269,6.314285714285714,2,0,0,0,23,10,10,0,0,0,0,0,0,0,0,0
9011,9327,14,6641,16956,Strong Agreement,7,50,283,4.245283018867925,0,0,0,0,49,8,4,0,0,0,0,0,0,0,0,0
5476,5309,106,60808,70572,Strong Agreement,3,8,39,4.571428571428571,0,0,0,1,4,7,10,0,0,0,0,1,0,0,0,0
2021,3056,61,53119,76938,Strong Agreement,4,14,80,4.785714285714286,0,0,0,0,11,6,8,0,0,0,1,0,0,0,0,0
215,685,1,4168,4330,Strong Agreement,4,20,100,4.2631578947368425,0,0,0,0,17,6,5,0,0,0,1,0,0,0,0,0
1133,1199,38,28,43248,Neutral,4,5,71,13.4,0,5,0,0,1,7,2,0,0,0,0,1,0,0,0,1
681,1930,2,13206,2494,Weak Disagreement,4,2,11,5.0,0,0,0,0,0,7,2,0,0,0,0,1,0,0,0,1
782,836,8,16695,10400,Strong Agreement,7,27,133,3.962962962962963,0,0,0,0,25,16,8,0,0,0,0,0,0,0,0,0
3885,4718,2,25349,14070,Strong Agreement,4,7,39,5.5,0,0,0,0,4,15,5,0,0,0,0,0,0,0,0,0
2688,2664,9,12913,20234,Strong Agreement,4,2,26,12.5,0,0,0,0,1,14,2,0,0,0,0,0,0,0,0,1
6543,6754,5,28628,28204,Strong Agreement,5,11,57,4.2727272727272725,0,0,0,0,10,13,2,0,0,0,0,0,0,0,0,1
17055,3529,17,75929,65184,Weak Agreement,5,9,50,4.666666666666667,0,0,0,0,8,13,7,0,0,0,0,0,0,0,0,0
648,485,2,9084,4282,Strong Agreement,5,14,78,4.642857142857143,0,0,0,0,13,11,1,0,0,0,0,0,0,0,1,0
6,56,0,635,286,Strong Agreement,3,29,167,4.964285714285714,0,0,0,1,25,11,4,0,0,0,0,0,0,0,0,0
5987,6349,19,20936,17978,Strong Agreement,3,16,86,4.4375,0,0,0,1,12,10,2,0,0,0,0,0,0,0,0,1
4048,4969,112,70818,110360,Strong Agreement,3,14,117,8.666666666666666,2,2,0,0,1,8,4,0,0,0,0,0,0,0,0,0
8880,9692,132,19370,110901,Neutral,4,4,53,12.5,0,4,0,0,1,8,2,0,0,0,0,0,0,0,0,1
2258,1731,7,5915,3338,Strong Agreement,4,5,34,6.0,1,0,0,1,1,7,6,0,0,0,0,1,0,0,0,0
2254,3318,74,21926,45826,Neutral,4,1,5,5.0,1,0,0,0,1,7,5,0,0,0,0,1,0,0,0,0
2254,3318,74,21926,45826,Strong Agreement,3,28,166,4.964285714285714,2,0,0,0,22,7,5,0,0,0,0,1,0,0,0,0
10264,10766,2,54487,6569,Strong Agreement,7,10,50,5.125,0,0,0,1,4,7,1,0,0,0,0,1,0,0,1,0
20031,18802,10,22547,19227,Neutral,3,2,64,31.5,0,0,0,0,1,7,7,0,0,0,0,1,0,0,0,0
406,344,11,6837,11146,Weak Agreement,6,37,178,4.057142857142857,0,0,0,2,31,7,3,0,0,0,0,1,0,0,0,0
6669,7307,127,233751,179839,Weak Agreement,3,11,69,3.6666666666666665,0,0,0,0,5,15,3,0,0,0,0,0,0,0,0,0
4899,4760,6,32439,23968,Strong Agreement,4,25,223,7.96,15,2,0,5,8,18,2,0,0,0,0,0,0,0,0,1
1701,2172,6,25807,24630,Neutral,3,4,27,6.0,0,0,0,0,2,13,8,0,0,0,0,0,0,0,0,0
11660,12076,157,59902,105023,Strong Agreement,3,5,32,5.6,0,0,0,1,0,12,7,0,0,0,0,0,0,0,0,0
3714,4225,5,38928,49255,Weak Agreement,3,9,62,6.0,0,0,0,0,7,10,2,0,0,0,0,0,0,0,0,1
20694,11083,190,27343,25261,Neutral,4,1,6,6.0,0,0,0,0,0,8,9,0,0,0,0,0,0,0,0,0
766,2816,6,5419,12768,Strong Disagreement,3,31,183,4.935483870967742,0,0,0,1,28,7,9,0,0,0,0,1,0,0,0,0
66,422,1,2116,555,Strong Disagreement,8,44,256,4.840909090909091,0,0,0,0,38,7,1,0,0,0,0,1,0,0,1,0
2157,1769,27,19512,12210,Strong Agreement,5,4,33,7.5,0,0,0,0,3,7,2,0,0,0,0,1,0,0,0,1
311,420,1,134,494,Strong Agreement,3,26,148,4.730769230769231,0,0,0,1,20,7,0,0,0,0,0,1,0,0,0,0
3357,4975,19,9658,30384,Strong Agreement,5,14,81,4.857142857142857,0,0,0,2,10,6,2,0,0,0,1,0,0,0,0,1
384,94,5,34163,23513,Strong Agreement,5,32,186,4.84375,0,0,0,1,28,6,3,0,0,0,1,0,0,0,0,0
56,322,2,1245,3006,Strong Disagreement,8,32,186,4.606060606060606,0,0,0,0,30,6,8,0,0,0,1,0,0,0,0,0
106,258,1,16368,3382,Weak Agreement,4,21,116,4.571428571428571,0,0,0,0,17,6,5,0,0,0,1,0,0,0,0,0
1530,3097,4,830,1890,Strong Agreement,5,9,51,5.375,0,0,0,0,3,37,0,0,0,0,0,0,0,0,0,0
4058,5000,11,18361,22812,Weak Agreement,3,14,79,4.714285714285714,0,0,0,0,12,13,3,0,0,0,0,0,0,0,0,0
404,907,0,204,368,Neutral,4,28,202,6.481481481481482,3,0,0,0,7,12,0,0,0,0,0,0,0,0,0,0
3883,3991,16,46297,7363,Strong Agreement,3,11,60,4.545454545454546,0,0,0,1,10,12,1,0,0,0,0,0,0,0,1,0
440,433,3,11543,18839,Neutral,4,5,25,4.2,0,0,0,0,2,8,6,0,0,0,0,0,0,0,0,0
377,40,8,15,39902,Strong Agreement,5,11,76,6.0,0,0,0,0,8,8,3,0,0,0,0,0,0,0,0,0
4629,4546,12,3449,13846,Neutral,4,12,77,5.5,0,1,0,2,7,7,5,0,0,0,0,1,0,0,0,0
46,273,2,5916,7752,Strong Agreement,4,23,117,4.130434782608695,0,0,0,2,20,7,2,0,0,0,0,1,0,0,0,1
738,269,5,50287,57123,Weak Agreement,4,1,5,5.0,0,0,0,0,0,6,1,0,0,0,1,0,0,0,1,0
559,3003,12,1108,20817,Strong Disagreement,4,4,27,6.0,0,0,0,0,3,6,7,0,0,0,1,0,0,0,0,0
167,222,5,4927,10467,Strong Disagreement,3,21,105,4.0476190476190474,0,0,0,0,19,6,9,0,0,0,1,0,0,0,0,0
1585,438,30,95932,41751,Weak Agreement,3,9,40,3.5555555555555554,0,0,0,0,9,6,9,0,0,0,1,0,0,0,0,0
331,255,8,31566,11693,Neutral,3,30,156,4.233333333333333,0,0,0,2,27,6,9,0,0,0,1,0,0,0,0,0
9554,10506,17,274605,165850,Strong Agreement,4,9,44,4.0,0,0,0,0,7,10,6,0,0,0,0,0,0,0,0,0
24,38,1,4426,832,Strong Disagreement,4,17,93,4.8125,0,0,0,0,14,6,1,0,0,0,1,0,0,0,1,0
256,516,2,10454,8388,Strong Disagreement,6,6,41,6.0,1,0,0,0,4,7,1,0,0,0,0,1,0,0,1,0
270,99,12,22551,22689,Strong Disagreement,3,22,120,4.5,0,0,0,0,17,15,9,0,0,0,0,0,0,0,0,0
8771,9830,168,40435,52149,Neutral,4,15,76,4.133333333333334,0,0,0,0,14,13,4,0,0,0,0,0,0,0,0,0
13767,14843,139,90228,120189,Neutral,3,1,8,8.0,1,0,0,0,0,13,2,0,0,0,0,0,0,0,0,1
1958,1834,32,22242,16061,Weak Agreement,4,3,16,4.666666666666667,0,0,0,0,2,11,6,0,0,0,0,0,0,0,0,0
15283,10726,29,88999,52554,Strong Disagreement,3,9,64,6.222222222222222,0,1,0,0,7,10,3,0,0,0,0,0,0,0,0,0
2721,4983,3,6897,8952,Neutral,3,5,28,4.8,0,0,0,1,4,8,1,0,0,0,0,0,0,0,1,0
56,139,0,873,420,Strong Agreement,5,16,76,3.8125,0,0,0,1,13,8,4,0,0,0,0,0,0,0,0,0
10114,11451,114,239708,106518,Strong Agreement,3,19,109,4.7894736842105265,1,0,0,2,13,7,2,0,0,0,0,1,0,0,0,1
563,1587,8,306,5343,Weak Disagreement,4,12,81,5.833333333333333,0,0,0,1,11,7,9,0,0,0,0,1,0,0,0,0
886,1351,93,4195,109427,Strong Agreement,4,5,27,4.6,0,0,0,1,4,7,5,0,0,0,0,1,0,0,0,0
2838,4882,11,1448,10313,Neutral,3,2,7,3.0,0,0,0,0,1,7,9,0,0,0,0,1,0,0,0,0
57,281,3,3957,3134,Strong Disagreement,5,11,69,5.363636363636363,0,0,0,0,11,6,6,0,0,0,1,0,0,0,0,0
103,275,0,1540,2851,Strong Agreement,3,25,159,5.4,1,0,0,0,22,6,9,0,0,0,1,0,0,0,0,0
807,1134,22,45109,113160,Strong Disagreement,3,13,67,4.230769230769231,0,0,0,0,11,6,7,0,0,0,1,0,0,0,0,0
1706,1507,7,6768,11391,Strong Agreement,4,14,80,5.153846153846154,0,0,0,1,10,7,1,0,1,0,0,1,0,0,1,0
6236,6690,38,137593,107783,Strong Agreement,3,6,35,6.0,0,0,0,0,4,7,2,0,1,0,0,1,0,0,0,1
58,34,1,148,927,Strong Agreement,3,10,44,3.5,0,0,0,1,9,7,1,0,1,0,0,1,0,0,1,0
4650,3495,4,26836,21061,Strong Agreement,3,13,65,4.076923076923077,0,0,0,0,12,7,2,0,1,0,0,1,0,0,0,1
1088,2442,6,18226,10284,Strong Agreement,3,17,122,6.235294117647059,3,1,0,1,10,7,6,0,1,0,0,1,0,0,0,0
4557,4020,52,37423,71090,Weak Agreement,3,3,13,3.6666666666666665,0,0,0,1,0,7,9,0,1,0,0,1,0,0,0,0
4557,4020,52,37423,71090,Strong Agreement,3,19,99,4.2631578947368425,0,0,0,4,14,7,9,0,1,0,0,1,0,0,0,0
128,271,1,8175,492,Strong Agreement,3,3,14,4.0,0,1,0,0,1,7,7,0,1,0,0,1,0,0,0,0
3446,4897,87,57190,65122,Strong Agreement,3,22,122,4.590909090909091,0,0,0,1,20,7,7,0,1,0,0,1,0,0,0,0
5500,4081,4,16823,16845,Weak Agreement,3,7,32,3.7142857142857144,0,0,0,0,6,7,4,0,1,0,0,1,0,0,0,0
31,62,0,1763,767,Strong Agreement,3,3,22,6.666666666666667,0,1,0,2,1,7,6,0,1,0,0,1,0,0,0,0
7136,7176,2,7105,6048,Strong Agreement,5,52,268,4.173076923076923,0,0,0,1,49,7,1,0,1,0,0,1,0,0,1,0
8314,5402,40,108946,99305,Strong Agreement,6,31,198,4.909090909090909,0,5,0,3,25,7,6,0,1,0,0,1,0,0,0,0
206,96,1,12893,2854,Strong Agreement,3,7,41,5.0,0,0,0,0,6,7,1,0,1,0,0,1,0,0,1,0
2131,2170,12,14837,11965,Strong Agreement,6,4,32,6.5,0,0,0,1,0,7,5,0,1,0,0,1,0,0,0,0
5206,4437,6,2845,56887,Strong Agreement,4,7,57,6.0,2,0,0,1,3,7,1,0,1,0,0,1,0,0,1,0
1129,1164,2,38070,1627,Strong Agreement,4,11,101,8.272727272727273,4,1,0,1,6,7,9,0,1,0,0,1,0,0,0,0
892,644,13,102698,78088,Neutral,4,4,23,5.0,0,1,0,0,3,7,2,0,1,0,0,1,0,0,0,1
3096,4678,3,40693,15272,Neutral,3,13,102,6.923076923076923,2,2,0,1,9,7,2,0,1,0,0,1,0,0,0,1
1352,1423,2,17686,2373,Neutral,7,8,37,3.75,0,0,0,0,7,7,9,0,1,0,0,1,0,0,0,0
1854,2705,6,5863,5350,Strong Agreement,3,3,22,6.666666666666667,0,0,0,0,0,7,1,0,1,0,0,1,0,0,1,0
1432,2431,2,2559,2918,Strong Agreement,3,26,132,4.115384615384615,0,0,0,1,22,7,2,0,1,0,0,1,0,0,0,1
1013,2361,2,9707,9062,Strong Agreement,3,3,30,9.333333333333334,1,0,0,0,1,7,2,0,1,0,0,1,0,0,0,1
111,315,1,1624,7895,Strong Agreement,3,39,271,4.8,0,1,0,3,35,7,2,0,1,0,0,1,0,0,0,1
111,315,1,1624,7895,Strong Agreement,3,39,283,5.044444444444444,0,1,0,3,35,7,2,0,1,0,0,1,0,0,0,1
5012,5399,4,28627,26775,Strong Agreement,3,25,136,4.666666666666667,0,0,0,1,23,7,1,0,1,0,0,1,0,0,1,0
3979,4078,2,1043,5436,Strong Agreement,6,7,49,6.142857142857143,0,0,0,1,6,7,6,0,1,0,0,1,0,0,0,0
7956,6387,126,261017,212488,Strong Agreement,5,12,114,7.083333333333333,3,2,0,1,5,7,2,0,1,0,0,1,0,0,0,1
1069,1658,0,6394,2556,Strong Agreement,3,3,12,3.3333333333333335,0,0,0,1,2,7,3,0,1,0,0,1,0,0,0,0
4767,4795,13,2960,15382,Strong Agreement,3,8,55,6.0,1,1,0,1,5,10,10,0,1,0,0,0,0,0,0,0
2339,2615,9,60879,19405,Strong Agreement,3,26,144,4.576923076923077,0,0,0,0,21,7,4,0,1,0,0,1,0,0,0,0
1701,1462,10,12096,18323,Strong Agreement,3,14,83,5.0,1,0,0,0,9,7,3,0,1,0,0,1,0,0,0,0
330,347,1,1906,2508,Strong Agreement,3,37,198,4.184210526315789,0,0,0,2,36,7,1,0,1,0,0,1,0,0,1,0
5786,6352,1,20792,5484,Strong Agreement,6,8,50,4.444444444444445,1,0,0,1,7,7,7,0,1,0,0,1,0,0,0,0
2281,3167,7,44450,16187,Strong Agreement,3,3,17,5.0,1,1,0,1,1,7,2,0,1,0,0,1,0,0,0,1
474,378,2,8000,5195,Strong Agreement,3,18,110,5.166666666666667,0,0,0,1,15,7,1,0,1,0,0,1,0,0,1,0
7116,7181,48,159873,142954,Strong Agreement,3,17,88,4.235294117647059,0,0,0,6,9,7,9,0,1,0,0,1,0,0,0,0
1111,328,2,29733,29493,Strong Agreement,3,8,51,5.5,0,0,0,1,6,7,1,0,1,0,0,1,0,0,1,0
1224,1014,9,29620,29555,Strong Agreement,4,5,25,4.2,0,0,0,0,2,7,6,0,1,0,0,1,0,0,0,0
4853,4749,35,57748,88839,Strong Agreement,4,3,15,4.333333333333333,0,0,0,0,2,7,2,0,1,0,0,1,0,0,0,1
360,973,0,11174,10854,Strong Disagreement,3,19,108,4.7368421052631575,0,0,0,3,13,9,7,0,1,0,0,0,0,0,0,0
231,875,0,1216,920,Strong Agreement,3,46,245,4.444444444444445,0,0,0,1,39,7,5,0,1,0,0,1,0,0,0,0
88,210,0,991,2225,Weak Disagreement,3,9,56,5.333333333333333,0,0,0,1,4,7,0,0,1,0,0,1,0,0,0,0
3271,3948,0,2886,2085,Neutral,3,41,243,5.075,0,0,2,0,34,7,1,0,1,0,0,1,0,0,1,0
4611,3858,19,105643,17327,Weak Agreement,5,28,150,4.392857142857143,0,1,0,2,24,7,9,0,1,0,0,1,0,0,0,0
14540,15812,7,5519,18676,Strong Agreement,4,11,70,5.454545454545454,0,1,0,1,10,7,9,0,1,0,0,1,0,0,0,0
664,197,0,14934,18956,Strong Agreement,3,10,64,5.5,0,0,0,1,8,7,7,0,1,0,0,1,0,0,0,0
807,547,44,40623,33299,Strong Agreement,3,1,26,26.0,0,0,0,1,0,7,10,0,1,0,0,1,0,0,0,0
2518,5000,99,1687,166092,Strong Agreement,3,42,248,4.928571428571429,0,0,0,1,38,7,9,0,1,0,0,1,0,0,0,0
648,143,6,6714,11548,Strong Agreement,4,7,42,5.142857142857143,0,1,0,0,6,7,1,0,1,0,0,1,0,0,1,0
421,930,4,6186,6351,Strong Agreement,4,24,136,4.708333333333333,0,0,0,0,22,7,3,0,1,0,0,1,0,0,0,0
6640,7049,8,27301,31219,Strong Agreement,4,31,155,4.166666666666667,0,0,0,1,28,10,1,0,1,0,0,0,0,0,1,0
1260,1727,6,7781,13159,Strong Agreement,5,47,276,4.8936170212765955,0,0,0,1,41,8,1,0,1,0,0,0,0,0,1,0
390,634,7,7650,7027,Strong Agreement,3,9,54,5.111111111111111,1,0,0,0,8,7,9,0,1,0,0,1,0,0,0,0
10802,8744,82,18403,23024,Strong Agreement,4,48,263,4.5,1,0,0,4,38,7,10,0,1,0,0,1,0,0,0,0
2146,3933,54,3230,35701,Weak Agreement,3,20,113,4.7,0,0,0,1,14,7,5,0,1,0,0,1,0,0,0,0
919,1535,2,11642,11809,Weak Disagreement,3,11,100,8.181818181818182,0,0,0,0,9,7,3,0,1,0,0,1,0,0,0,0
575,563,1,34938,37033,Neutral,4,13,164,11.692307692307692,0,13,0,0,6,7,6,0,1,0,0,1,0,0,0,0
9806,10189,17,19460,23090,Strong Agreement,3,22,148,5.7727272727272725,2,1,0,0,20,7,6,0,1,0,0,1,0,0,0,0
3396,727,10,75436,134160,Strong Agreement,5,15,83,4.928571428571429,0,0,0,0,9,7,2,0,1,0,0,1,0,0,0,1
5768,5815,1,13409,16980,Strong Agreement,5,17,100,4.9411764705882355,0,0,0,1,15,7,2,0,1,0,0,1,0,0,0,1
9,80,1,256,248,Strong Agreement,3,3,11,3.0,0,0,0,0,2,7,1,0,1,0,0,1,0,0,1,0
1614,1980,2,17127,7410,Weak Agreement,3,3,20,6.0,0,0,0,0,2,7,3,0,1,0,0,1,0,0,0,0
76,295,1,8479,879,Strong Agreement,4,3,13,3.6666666666666665,0,0,0,1,2,7,2,0,1,0,0,1,0,0,0,1
1038,928,3,53290,9092,Strong Agreement,3,22,108,3.9545454545454546,0,0,0,0,17,7,3,0,1,0,0,1,0,0,0,0
540,759,14,11265,9780,Strong Agreement,4,1,18,18.0,1,0,0,0,0,7,2,0,1,0,0,1,0,0,0,1
540,759,14,11265,9780,Neutral,3,4,26,5.75,0,1,0,0,4,7,2,0,1,0,0,1,0,0,0,1
480,862,14,910,3247,Strong Agreement,3,27,196,6.296296296296297,4,0,0,0,18,7,6,0,1,0,0,1,0,0,0,0
202,723,0,6325,6319,Neutral,3,2,22,10.5,0,0,0,0,2,7,2,0,1,0,0,1,0,0,0,1
7032,6606,8,18559,11131,Neutral,3,1,6,6.0,0,0,0,0,0,9,1,0,1,0,0,0,0,0,1,0
4007,3259,16,14276,19498,Neutral,3,25,139,4.6,0,0,0,2,22,8,4,0,1,0,0,0,0,0,0,0
65,311,0,13,782,Strong Agreement,3,9,48,4.444444444444445,0,0,0,0,5,8,8,0,1,0,0,0,0,0,0,0
7079,7172,58,39818,70362,Strong Agreement,3,2,18,8.5,0,0,0,0,1,7,2,0,1,0,0,1,0,0,0,1
737,98,17,71725,11394,Strong Agreement,6,12,74,4.384615384615385,0,0,0,1,11,7,5,0,1,0,0,1,0,0,0,0
3971,4696,63,18135,74673,Strong Agreement,3,9,42,3.7777777777777777,0,0,0,0,5,7,4,0,1,0,0,1,0,0,0,0
295,459,1,3268,3303,Strong Agreement,4,39,213,4.487179487179487,0,1,0,0,30,7,4,0,1,0,0,1,0,0,0,0
175,335,3,1128,4616,Strong Agreement,3,20,120,5.05,1,1,0,0,15,7,3,0,1,0,0,1,0,0,0,0
40735,33909,124,75827,12197,Neutral,3,1,12,12.0,0,1,0,0,1,7,5,0,1,0,0,1,0,0,0,0
841,455,7,36451,13305,Strong Agreement,4,11,43,3.0,0,0,0,0,10,7,2,0,1,0,0,1,0,0,0,1
585,852,2,8243,9817,Weak Agreement,3,23,122,4.3478260869565215,0,0,0,1,18,7,9,0,1,0,0,1,0,0,0,0
625,780,1,10944,10925,Strong Agreement,3,13,58,3.5384615384615383,0,0,0,0,11,7,2,0,1,0,0,1,0,0,0,1
2892,2856,6,69065,34881,Strong Agreement,4,11,59,4.9,0,0,0,1,4,7,5,0,1,0,0,1,0,0,0,0
1761,2921,7,6736,12255,Strong Agreement,3,4,21,4.5,0,0,0,0,3,7,6,0,1,0,0,1,0,0,0,0
46,14,0,7057,1061,Weak Agreement,3,4,18,3.75,0,0,0,0,3,7,2,0,1,0,0,1,0,0,0,1
754,611,14,5268,5518,Strong Agreement,4,5,21,3.4,0,0,0,5,0,7,1,0,1,0,0,1,0,0,1,0
325,119,3,710,4913,Strong Agreement,3,3,17,5.0,0,0,0,0,2,7,1,0,1,0,0,1,0,0,1,0
692,865,0,6351,3189,Strong Agreement,3,44,232,4.295454545454546,0,0,0,3,36,7,2,0,1,0,0,1,0,0,0,1
8108,7277,22,74182,70029,Strong Disagreement,3,14,73,4.285714285714286,0,0,0,0,13,14,2,0,1,0,0,0,0,0,0,1
2159,4786,14,83680,51764,Strong Agreement,3,9,61,5.888888888888889,1,0,0,1,7,9,5,0,1,0,0,0,0,0,0,0
2508,4481,4,1672,1901,Strong Agreement,3,3,12,3.3333333333333335,0,0,0,0,2,8,5,0,1,0,0,0,0,0,0,0
1018,1482,5,2195,1929,Strong Agreement,3,5,23,3.8,0,0,0,0,4,7,1,0,1,0,0,1,0,0,1,0
866,178,1,9124,7024,Weak Agreement,5,8,50,5.375,0,0,0,0,7,7,2,0,1,0,0,1,0,0,0,1
2396,2147,0,8051,3010,Strong Agreement,3,5,21,3.4,0,0,0,0,4,7,2,0,1,0,0,1,0,0,0,1
414,483,0,10257,7917,Strong Agreement,3,40,198,3.975,0,0,0,0,37,7,3,0,1,0,0,1,0,0,0,0
414,483,0,10257,7917,Strong Agreement,4,39,200,4.153846153846154,0,0,0,0,36,7,3,0,1,0,0,1,0,0,0,0
161,169,1,2543,3031,Strong Agreement,3,19,94,4.0,0,0,0,0,17,7,8,0,1,0,0,1,0,0,0,0
8538,9018,7,19815,15007,Strong Agreement,6,51,258,3.8846153846153846,0,0,0,4,40,7,1,0,1,0,0,1,0,0,1,0
85,68,0,3734,1994,Strong Agreement,3,32,221,5.666666666666667,1,0,0,6,19,7,9,0,1,0,0,1,0,0,0,0
4499,5001,104,58442,85665,Weak Agreement,4,6,28,3.8333333333333335,0,0,0,1,4,7,7,0,1,0,0,1,0,0,0,0
448,746,0,4635,2508,Strong Agreement,6,14,65,4.333333333333333,0,0,0,1,9,7,6,0,1,0,0,1,0,0,0,0
1494,163,93,84814,124116,Strong Agreement,6,27,153,4.703703703703703,0,2,0,2,20,7,3,0,1,0,0,1,0,0,0,0
3250,2695,11,15493,9984,Weak Agreement,4,15,79,3.933333333333333,0,0,0,0,14,7,3,0,1,0,0,1,0,0,0,0
553,1347,17,65633,18441,Strong Agreement,3,10,45,3.6,0,0,0,1,6,7,9,0,1,0,0,1,0,0,0,0
553,1347,17,65633,18441,Strong Agreement,3,8,49,5.25,0,0,0,0,4,7,9,0,1,0,0,1,0,0,0,0
3207,4799,10,6313,11546,Neutral,3,13,88,5.846153846153846,0,4,0,0,10,7,5,0,1,0,0,1,0,0,0,0
246,311,6,7867,17600,Weak Agreement,3,50,239,3.9583333333333335,0,0,0,4,39,7,8,0,1,0,0,1,0,0,0,0
1304,1001,15,35768,36985,Strong Agreement,3,27,143,4.5,0,1,0,0,22,7,1,0,1,0,0,1,0,0,1,0
1304,1001,15,35768,36985,Strong Agreement,3,28,155,4.571428571428571,0,2,0,1,22,7,1,0,1,0,0,1,0,0,1,0
0,39,0,2,6,Neutral,4,12,64,4.416666666666667,0,0,0,0,10,7,9,0,1,0,0,1,0,0,0,0
7058,7325,325,13741,217490,Strong Agreement,4,3,45,14.333333333333334,3,0,0,0,0,7,9,0,1,0,0,1,0,0,0,0
248,263,2,6799,6459,Strong Agreement,3,12,81,5.833333333333333,0,0,0,0,9,7,8,0,1,0,0,1,0,0,0,0
501,251,12,12076,20435,Strong Agreement,3,9,49,4.555555555555555,0,0,0,0,5,7,3,0,1,0,0,1,0,0,0,0
23,123,0,2005,1129,Strong Agreement,4,17,110,5.529411764705882,0,3,0,1,16,7,1,0,1,0,0,1,0,0,1,0
17,43,0,1708,133,Strong Agreement,4,11,52,3.8181818181818183,0,0,0,1,6,7,2,0,1,0,0,1,0,0,0,1
1072,1002,16,25728,32425,Weak Agreement,4,10,59,5.0,0,0,0,0,9,7,4,0,1,0,0,1,0,0,0,0
196,1184,4,856,5584,Neutral,4,1,14,14.0,0,1,0,0,1,7,8,0,1,0,0,1,0,0,0,0
13,72,0,387,300,Weak Agreement,4,3,17,5.0,0,0,0,0,1,7,4,0,1,0,0,1,0,0,0,0
552,533,13,38,33814,Strong Agreement,4,12,61,4.166666666666667,0,1,0,0,10,7,9,0,1,0,0,1,0,0,0,0
30,45,0,2041,998,Strong Agreement,3,12,77,5.5,0,0,0,0,8,7,1,0,1,0,0,1,0,0,1,0
3829,4980,74,23994,49645,Neutral,3,12,91,6.666666666666667,2,4,0,2,7,7,2,0,1,0,0,1,0,0,0,1
406,980,4,2917,10835,Strong Agreement,3,41,211,4.170731707317073,0,1,0,0,35,7,2,0,1,0,0,1,0,0,0,1
32,68,1,2997,3104,Strong Agreement,3,8,47,5.0,0,1,0,1,6,7,2,0,1,0,0,1,0,0,0,1
2261,3014,9,24281,10353,Strong Agreement,4,11,75,4.916666666666667,0,0,0,0,9,7,1,0,1,0,0,1,0,0,1,0
48,162,4,4313,4433,Strong Agreement,4,19,98,4.2105263157894735,0,0,0,1,14,7,9,0,1,0,0,1,0,0,0,0
108,241,2,35571,7530,Strong Agreement,4,13,64,4.0,0,0,0,5,7,7,2,0,1,0,0,1,0,0,0,1
1099,892,3,7809,10825,Strong Agreement,3,19,102,4.9411764705882355,1,2,0,1,14,7,3,0,1,0,0,1,0,0,0,0
97,176,12,21156,10591,Neutral,5,4,23,5.0,0,1,0,0,3,7,8,0,1,0,0,1,0,0,0,0
8746,3962,241,34029,177917,Neutral,3,1,6,6.0,0,0,0,0,0,7,9,0,1,0,0,1,0,0,0,0
388,612,1,3035,3865,Weak Agreement,3,7,32,3.7142857142857144,0,1,0,1,5,7,5,0,1,0,0,1,0,0,0,0
11,104,0,389,126,Neutral,4,1,12,12.0,0,1,0,0,0,7,1,0,1,0,0,1,0,0,1,0
265,285,5,7564,3511,Strong Agreement,3,12,56,3.75,0,0,0,1,10,7,8,0,1,0,0,1,0,0,0,0
568,808,1,817,1112,Weak Agreement,4,7,39,4.714285714285714,0,0,0,0,4,7,0,0,1,0,0,1,0,0,0,0
13,146,0,927,1764,Strong Agreement,3,11,54,4.0,0,0,0,0,9,7,1,0,1,0,0,1,0,0,1,0
593,1471,8,13062,14341,Strong Agreement,4,20,94,3.75,0,1,0,2,16,7,1,0,1,0,0,1,0,0,1,0
153,98,1,9562,10150,Strong Agreement,4,27,136,4.074074074074074,0,0,0,1,25,7,1,0,1,0,0,1,0,0,1,0
586,1162,4,10598,8324,Neutral,5,4,47,8.2,1,0,0,0,3,7,9,0,1,0,0,1,0,0,0,0
6539,6514,7,8589,7074,Strong Agreement,3,28,178,5.392857142857143,1,0,0,0,22,7,4,0,1,0,0,1,0,0,0,0
30,188,0,853,835,Neutral,3,8,39,4.0,0,0,0,0,7,14,1,0,1,0,0,0,0,0,1,0
93,429,0,2890,1223,Neutral,3,10,74,6.5,0,0,0,0,9,7,3,0,1,0,0,1,0,0,0,0
11856,6325,261,16837,103064,Strong Agreement,3,12,60,4.454545454545454,2,0,0,2,6,5,5,0,0,1,0,0,0,0,0,0
1772,1798,2,91933,6730,Strong Agreement,4,9,49,4.555555555555555,0,0,0,0,8,4,2,0,0,0,0,0,0,0,0,1
6696,6683,3,27515,16001,Strong Agreement,5,6,26,3.5,0,0,0,1,4,5,7,0,0,1,0,0,0,0,0,0
16918,18562,5,32489,38886,Neutral,3,8,51,4.222222222222222,0,2,0,0,6,5,2,0,0,1,0,0,0,0,0,1
8560,8282,172,135612,162168,Neutral,4,3,12,3.3333333333333335,0,0,0,0,2,5,7,0,0,1,0,0,0,0,0,0
5568,806,40,16922,89201,Strong Agreement,5,26,150,4.8076923076923075,0,0,1,0,22,5,9,0,0,1,0,0,0,0,0,0
154,499,2,7760,12009,Neutral,3,2,10,4.5,0,0,0,0,0,5,2,0,0,1,0,0,0,0,0,1
10326,11250,12,56936,46215,Strong Agreement,6,16,123,5.823529411764706,4,0,0,0,10,6,2,0,0,0,1,0,0,0,0,1
4469,2334,0,189703,162231,Strong Agreement,3,11,64,4.909090909090909,0,2,0,1,8,5,6,0,0,1,0,0,0,0,0,0
466,238,49,9732,46690,Strong Agreement,4,49,278,4.6938775510204085,0,2,0,2,45,5,6,0,0,1,0,0,0,0,0,0
326,554,5,21456,5936,Weak Agreement,3,29,141,3.896551724137931,0,0,0,0,25,4,4,0,0,0,0,0,0,0,0,0
4432,4997,5,14937,20126,Neutral,4,10,45,3.6,0,0,0,0,9,5,1,0,0,1,0,0,0,0,1,0
1921,3466,5,1667,9002,Strong Agreement,5,44,241,4.5,0,0,0,1,40,5,2,0,0,1,0,0,0,0,0,1
481,473,0,7983,13322,Strong Agreement,3,26,159,5.36,0,0,0,0,23,5,2,0,0,1,0,0,0,0,0,1
4008,4121,2,30324,8404,Strong Agreement,3,8,49,5.25,0,0,0,0,6,5,1,0,0,1,0,0,0,0,1,0
407,287,1,13519,9208,Strong Agreement,3,27,140,4.222222222222222,0,0,0,3,22,5,1,0,0,1,0,0,0,0,1,0
4472,4982,4,35130,10298,Strong Agreement,4,8,42,4.375,0,0,0,0,7,5,4,0,0,1,0,0,0,0,0,0
3266,2147,57,179359,158594,Strong Agreement,3,5,31,5.4,0,0,0,1,3,5,6,0,0,1,0,0,0,0,0,0
8,51,2,32,266,Neutral,3,40,290,5.111111111111111,0,0,0,0,40,5,0,0,0,1,0,0,0,0,0,0
393,294,5,2330,8401,Strong Agreement,7,31,198,5.419354838709677,0,0,0,1,27,5,2,0,0,1,0,0,0,0,0,1
1676,2031,9,33386,19708,Strong Agreement,4,9,50,4.666666666666667,1,0,0,0,7,4,5,0,0,0,0,0,0,0,0,0
5513,5495,12,3138,28938,Strong Agreement,5,5,29,5.0,0,0,0,2,2,5,1,0,0,1,0,0,0,0,1,0
10060,1757,244,93749,175822,Strong Disagreement,5,7,35,4.142857142857143,0,0,0,0,6,4,9,0,0,0,0,0,0,0,0,0
3526,4977,7,2285,57336,Weak Agreement,3,26,135,4.230769230769231,0,0,0,2,19,5,2,0,0,1,0,0,0,0,0,1
1253,4961,6,936,1375,Strong Disagreement,4,37,200,4.4324324324324325,0,0,0,1,33,5,10,0,0,1,0,0,0,0,0,0
6550,6538,80,142243,183031,Weak Agreement,4,1,8,8.0,0,0,0,0,0,5,3,0,0,1,0,0,0,0,0,0
24848,2140,423,356749,158707,Neutral,3,2,8,3.5,0,0,0,0,1,5,5,0,0,1,0,0,0,0,0,0
4432,4949,7,5495,5221,Strong Agreement,3,26,135,4.230769230769231,0,0,0,0,23,5,1,0,0,1,0,0,0,0,1,0
443,43,23,16831,21405,Weak Agreement,4,14,73,4.615384615384615,0,0,0,0,11,5,1,0,0,1,0,0,0,0,1,0
259,304,3,1757,4422,Strong Agreement,3,21,114,4.476190476190476,0,0,0,1,18,4,5,0,0,0,0,0,0,0,0,0
594,1033,2,26613,33037,Neutral,5,3,24,7.333333333333333,0,0,0,0,0,4,3,0,0,0,0,0,0,0,0,0
407,60,2,38990,32592,Strong Disagreement,4,38,220,4.815789473684211,0,0,0,0,34,4,6,0,0,0,0,0,0,0,0,0
3108,4995,42,36056,25051,Strong Agreement,6,37,199,4.405405405405405,0,0,0,0,26,5,5,0,0,1,0,0,0,0,0,0
6743,6695,32,29790,37584,Neutral,3,3,16,4.666666666666667,0,0,0,0,2,5,6,0,0,1,0,0,0,0,0,0
522,446,7,5960,6586,Strong Agreement,3,12,77,5.5,0,0,0,0,9,5,2,0,0,1,0,0,0,0,0,1
1980,2893,9,15210,4175,Weak Agreement,4,7,30,3.4285714285714284,0,0,0,0,6,5,1,0,0,1,0,0,0,0,1,0
2481,1955,5,5690,8853,Neutral,3,19,93,3.9473684210526314,0,0,0,1,12,5,1,0,0,1,0,0,0,0,1,0
146,363,1,2177,1820,Strong Disagreement,4,5,34,6.0,0,0,0,0,4,5,4,0,0,1,0,0,0,0,0,0
21,118,1,315,648,Neutral,3,55,269,3.909090909090909,0,0,0,0,50,5,1,0,0,1,0,0,0,0,1,0
581,919,24,25357,52695,Strong Disagreement,4,17,92,5.066666666666666,0,0,0,0,12,4,9,0,0,0,0,0,0,0,0,0
474,1094,14,10468,3062,Strong Disagreement,3,25,122,3.92,0,0,0,0,25,5,10,0,0,1,0,0,0,0,0,0
3015,2808,113,14646,171726,Strong Disagreement,4,13,108,6.0,1,0,0,0,12,5,9,0,0,1,0,0,0,0,0,0
9737,9167,196,56785,155381,Strong Agreement,4,30,152,4.0,0,0,0,1,26,6,3,0,0,0,1,0,0,0,0,0
1059,773,8,4376,49792,Strong Agreement,3,5,19,3.0,0,0,0,0,4,6,2,0,0,0,1,0,0,0,0,1
2042,2668,0,46746,14635,Neutral,3,1,9,9.0,1,0,0,1,0,6,9,0,0,0,1,0,0,0,0,0
2042,2668,0,46746,14635,Strong Disagreement,7,37,247,5.702702702702703,1,0,0,0,33,6,9,0,0,0,1,0,0,0,0,0
5154,4673,127,29276,83253,Strong Agreement,5,13,81,5.3076923076923075,0,0,0,0,11,6,7,0,0,0,1,0,0,0,0,0
574,991,14,46057,32414,Strong Disagreement,6,41,235,5.131578947368421,0,0,0,1,33,6,3,0,0,0,1,0,0,0,0,0
814,849,12,44353,42441,Weak Agreement,3,20,116,4.85,0,0,0,0,15,5,5,0,0,1,0,0,0,0,0,0
5095,5573,164,48777,80568,Strong Agreement,3,9,47,4.333333333333333,0,0,0,1,6,5,6,0,0,1,0,0,0,0,0,0
1454,1697,7,22144,20543,Strong Agreement,4,15,74,4.285714285714286,0,0,0,1,12,5,2,0,0,1,0,0,0,0,0,1
3459,4961,19,60910,49260,Neutral,4,4,25,5.5,4,0,0,2,0,5,1,0,0,1,0,0,0,0,1,0
10518,4830,10,12647,10155,Strong Agreement,3,34,196,4.794117647058823,0,0,0,0,29,5,9,0,0,1,0,0,0,0,0,0
593,925,14,3419,7853,Strong Agreement,4,43,228,4.325581395348837,1,0,0,1,37,5,9,0,0,1,0,0,0,0,0,0
1119,2658,21,15880,14602,Strong Agreement,4,10,47,3.8,0,1,0,1,8,5,3,0,0,1,0,0,0,0,0,0
6266,6215,6,14282,10690,Strong Agreement,5,39,257,5.325,4,0,0,0,31,5,1,0,0,1,0,0,0,0,1,0
1614,3367,1,1742,2890,Weak Agreement,3,14,64,3.923076923076923,0,0,0,0,11,5,1,0,0,1,0,0,0,0,1,0
628,1142,28,31305,18742,Strong Agreement,3,7,50,6.285714285714286,0,0,0,0,5,5,6,0,0,1,0,0,0,0,0,0
1,47,0,38,31,Strong Disagreement,4,18,83,4.125,0,0,0,1,12,5,0,0,0,1,0,0,0,0,0,0
7088,7449,46,2336,11197,Neutral,6,5,57,10.6,0,0,0,0,3,5,5,0,0,1,0,0,0,0,0,0
334,453,1,4646,1422,Strong Agreement,3,28,140,4.035714285714286,0,0,0,4,21,5,1,0,0,1,0,0,0,0,1,0
255,532,0,8531,5799,Strong Agreement,3,8,36,3.625,0,1,0,1,7,5,4,0,0,1,0,0,0,0,0,0
36,383,0,1021,835,Strong Disagreement,7,4,20,4.25,0,0,0,0,3,5,1,0,0,1,0,0,0,0,1,0
102,1093,3,1823,3519,Strong Disagreement,4,3,19,5.666666666666667,0,0,0,0,2,4,10,0,0,0,0,0,0,0,0,0
2942,4587,21,49779,50451,Strong Agreement,3,11,74,6.4,1,1,0,1,7,4,9,0,0,0,0,0,0,0,0,0
85,722,1,2147,4126,Strong Disagreement,8,23,136,4.956521739130435,0,0,1,1,19,4,4,0,0,0,0,0,0,0,0,0
108,591,9,2969,7812,Neutral,3,2,6,2.5,0,0,0,1,0,4,1,0,0,0,0,0,0,0,1,0
6098,1382,74,4740,52261,Strong Disagreement,3,16,80,4.0625,0,0,0,0,16,5,9,0,0,1,0,0,0,0,0,0
1227,1591,31,7027,22165,Strong Disagreement,5,4,23,5.0,0,0,0,0,3,9,5,0,0,0,0,0,0,0,0,0
125,249,14,1474,7844,Strong Agreement,5,9,43,3.888888888888889,0,0,0,1,4,9,9,0,0,0,0,0,0,0,0,0
117,17,0,141,289,Strong Disagreement,4,23,130,4.695652173913044,0,0,1,0,19,7,5,0,0,0,0,1,0,0,0,0
38,338,0,215,113,Strong Disagreement,5,7,28,3.142857142857143,0,0,0,0,6,7,9,0,0,0,0,1,0,0,0,0
446,543,2,2523,6683,Strong Agreement,3,26,144,4.576923076923077,0,0,0,1,22,7,1,0,0,0,0,1,0,0,1,0
455,317,1,24602,10782,Neutral,3,1,4,4.0,0,0,0,1,0,7,5,0,0,0,0,1,0,0,0,0
1074,1206,7,37482,11115,Strong Agreement,5,24,121,4.260869565217392,0,0,0,0,20,7,9,0,0,0,0,1,0,0,0,0
24,248,0,3010,945,Strong Disagreement,3,8,39,4.0,0,0,0,1,6,7,6,0,0,0,0,1,0,0,0,0
4437,4643,15,16552,19070,Neutral,4,7,45,5.571428571428571,0,0,0,0,5,7,2,0,0,0,0,1,0,0,0,1
54,215,0,4746,2910,Neutral,4,15,72,4.142857142857143,0,0,0,0,8,6,2,0,0,0,1,0,0,0,0,1
540,721,9,11221,34188,Neutral,3,10,57,4.8,0,0,0,1,6,6,2,0,0,0,1,0,0,0,0,1
2156,2281,3,18861,25723,Strong Agreement,3,18,91,4.111111111111111,0,0,0,1,15,6,1,0,0,0,1,0,0,0,1,0
639,623,5,19839,8866,Strong Agreement,4,12,68,4.75,0,0,0,1,9,6,4,0,0,0,1,0,0,0,0,0
2359,2980,113,3759,34343,Strong Disagreement,6,34,187,4.529411764705882,0,0,0,0,32,6,5,0,0,0,1,0,0,0,0,0
369,245,2,7821,8416,Neutral,6,28,190,5.925925925925926,0,3,0,6,11,6,1,0,0,0,1,0,0,0,1,0
1739,2972,50,44836,60355,Strong Disagreement,4,8,49,5.25,0,0,0,0,6,6,5,0,0,0,1,0,0,0,0,0
12,146,0,406,549,Neutral,3,1,7,7.0,0,0,0,0,0,6,1,0,0,0,1,0,0,0,1,0
50,96,4,1827,4514,Strong Disagreement,6,11,110,7.230769230769231,0,0,0,3,8,6,8,0,0,0,1,0,0,0,0,0
50,96,4,1827,4514,Neutral,3,23,135,4.913043478260869,0,0,0,0,21,6,8,0,0,0,1,0,0,0,0,0
891,914,2,6967,12121,Strong Agreement,5,8,55,6.0,0,0,0,0,7,6,10,0,0,0,1,0,0,0,0,0
83,265,0,8871,3256,Strong Disagreement,6,6,37,5.333333333333333,0,0,0,0,5,6,5,0,0,0,1,0,0,0,0,0
436,1233,7,8213,13355,Neutral,6,2,62,30.5,0,0,0,0,2,6,2,0,0,0,1,0,0,0,0,1
35,128,0,845,2348,Neutral,3,17,93,4.529411764705882,0,0,0,0,14,6,6,0,0,0,1,0,0,0,0,0
143,172,8,1762,10041,Strong Disagreement,4,11,67,5.181818181818182,0,0,0,0,9,6,9,0,0,0,1,0,0,0,0,0
3809,4938,7,5833,3885,Neutral,3,29,174,5.0344827586206895,1,0,0,0,23,6,9,0,0,0,1,0,0,0,0,0
689,1125,0,3434,4418,Strong Agreement,3,31,178,4.774193548387097,0,0,0,0,21,6,1,0,0,0,1,0,0,0,1,0
1510,1503,8,30707,155975,Strong Agreement,4,47,233,3.978723404255319,0,0,0,1,38,6,6,0,0,0,1,0,0,0,0,0
4766,4741,4,24591,47665,Neutral,3,7,38,4.571428571428571,0,1,0,0,5,6,9,0,0,0,1,0,0,0,0,0
10,99,1,56,75,Weak Disagreement,4,11,62,4.7272727272727275,0,0,0,0,7,6,1,0,0,0,1,0,0,0,1,0
546,567,27,5178,20295,Strong Disagreement,3,20,80,3.388888888888889,0,0,0,1,13,6,8,0,0,0,1,0,0,0,0,0
2260,4568,1,4523,10248,Weak Agreement,3,40,209,4.358974358974359,0,0,0,2,35,6,2,0,0,0,1,0,0,0,0,1
59,195,0,2270,1650,Strong Agreement,3,4,21,4.5,0,0,0,0,3,6,1,0,0,0,1,0,0,0,1,0
540,622,0,138,656,Strong Agreement,3,16,95,5.0,0,0,0,1,14,6,2,0,0,0,1,0,0,0,0,1
3633,4788,5,14959,9657,Weak Agreement,4,11,41,2.8181818181818183,0,0,0,1,9,6,1,0,0,0,1,0,0,0,1,0
24,38,6,144,557,Strong Agreement,4,13,67,4.230769230769231,1,0,0,0,8,6,7,0,0,0,1,0,0,0,0,0
1174,985,14,15026,47668,Neutral,3,2,47,23.0,0,1,0,0,1,6,2,0,0,0,1,0,0,0,0,1
39,356,0,1057,655,Neutral,8,2,62,30.5,0,0,0,0,1,5,9,0,0,1,0,0,0,0,0,0
81,120,0,1050,1448,Neutral,4,9,61,5.888888888888889,0,1,0,1,7,5,1,0,0,1,0,0,0,0,1,0
865,796,2,30010,12672,Weak Agreement,4,4,28,6.25,0,0,0,0,3,5,2,0,0,1,0,0,0,0,0,1
61,335,6,3363,5219,Weak Disagreement,3,13,89,5.923076923076923,0,0,0,0,12,5,4,0,0,1,0,0,0,0,0,0
9,49,0,4512,2312,Strong Disagreement,5,7,44,5.428571428571429,0,0,0,0,6,5,2,0,0,1,0,0,0,0,0,1
1717,1622,38,30068,33660,Strong Agreement,4,10,58,4.9,0,0,0,1,7,5,2,0,0,1,0,0,0,0,0,1
471,749,1,4174,3228,Strong Disagreement,3,1,9,9.0,1,0,0,0,0,5,9,0,0,1,0,0,0,0,0,0
1,13,0,2,53,Strong Agreement,4,8,43,4.5,0,0,0,0,7,5,2,0,0,1,0,0,0,0,0,1
397,340,1,1846,708,Strong Agreement,3,34,171,4.0588235294117645,0,0,0,3,27,5,2,0,0,1,0,0,0,0,0,1
5,26,0,797,1120,Strong Disagreement,4,14,73,4.615384615384615,0,0,0,2,10,5,7,0,0,1,0,0,0,0,0,0
182,139,22,4277,30589,Strong Disagreement,6,32,163,4.4,0,0,0,0,24,5,8,0,0,1,0,0,0,0,0,0
76,78,3,4508,10632,Strong Agreement,4,9,42,3.7777777777777777,0,0,0,9,0,5,6,0,0,1,0,0,0,0,0,0
16,55,0,2888,3606,Strong Agreement,3,5,25,4.2,0,0,0,0,3,5,1,0,0,1,0,0,0,0,1,0
560,586,2,658,4098,Neutral,4,25,140,4.64,0,0,1,24,0,5,6,0,0,1,0,0,0,0,0,0
43,128,1,2409,5254,Weak Agreement,3,21,109,4.238095238095238,0,0,0,0,18,5,2,0,0,1,0,0,0,0,0,1
79,323,0,682,225,Strong Disagreement,3,10,50,4.1,0,0,0,2,8,5,1,0,0,1,0,0,0,0,1,0
10562,10687,67,121919,86051,Neutral,3,11,67,6.333333333333333,0,0,0,0,7,5,2,0,0,1,0,0,0,0,0,1
6415,6962,12,93053,62925,Weak Agreement,3,2,16,7.5,0,0,0,0,1,5,2,0,0,1,0,0,0,0,0,1
208,601,0,6410,743,Neutral,5,1,3,3.0,0,0,0,0,0,5,1,0,0,1,0,0,0,0,1,0
1458,1820,20,23817,38931,Strong Agreement,3,29,161,4.586206896551724,0,0,0,1,24,5,3,0,0,1,0,0,0,0,0,0
67,164,1,10615,7586,Weak Agreement,4,20,118,4.95,0,0,0,1,17,5,4,0,0,1,0,0,0,0,0,0
495,625,7,20962,9517,Neutral,4,1,5,5.0,0,0,0,0,0,5,1,0,0,1,0,0,0,0,1,0
49,143,0,4662,2455,Strong Agreement,4,13,86,4.533333333333333,0,0,0,1,12,5,5,0,0,1,0,0,0,0,0,0
1216,2242,4,2616,4821,Neutral,3,1,15,15.0,1,0,0,0,1,5,2,0,0,1,0,0,0,0,0,1
4,49,2,581,1425,Strong Disagreement,5,37,247,5.394736842105263,0,0,0,5,26,5,2,0,0,1,0,0,0,0,0,1
50156,13869,698,99482,35994,Neutral,3,3,23,7.0,0,0,0,0,2,39,4,0,0,0,0,0,0,1,0,0
3743,3854,0,7341,18700,Weak Agreement,3,42,285,5.465116279069767,0,0,0,5,32,38,7,0,0,0,0,0,1,0,0,0
10087,8804,72,81073,75818,Strong Agreement,5,15,81,4.785714285714286,0,0,0,1,10,38,7,0,0,0,0,0,1,0,0,0
510,1073,3,17456,4819,Strong Disagreement,3,6,25,3.3333333333333335,0,0,0,0,5,38,5,0,0,0,0,0,1,0,0,0
6204,6624,9,8103,11699,Strong Agreement,4,45,335,6.571428571428571,4,1,1,3,29,39,1,0,0,0,0,0,0,1,1,0
42,188,1,2936,2413,Strong Disagreement,4,20,107,4.4,0,1,0,0,16,38,1,0,0,0,0,0,1,0,1,0
16,362,0,580,890,Weak Disagreement,4,2,11,5.0,0,0,0,0,1,38,1,0,0,0,0,0,1,0,1,0
44706,33365,59,145994,154642,Strong Agreement,3,2,12,5.5,0,0,0,0,1,38,4,0,0,0,0,0,1,0,0,0
4044,3539,10,73185,75279,Strong Agreement,3,3,13,3.6666666666666665,0,0,0,0,2,38,2,0,0,0,0,0,1,0,0,1
6713,6631,13,32380,46484,Strong Agreement,4,1,16,16.0,1,0,0,0,0,38,2,0,0,0,0,0,1,0,0,1
3114,805,109,101603,100530,Strong Agreement,3,34,203,5.0,4,0,0,0,21,39,4,0,0,0,0,0,0,1,0,0
394,516,7,30627,19813,Strong Disagreement,4,17,130,6.705882352941177,0,1,0,3,12,38,4,0,0,0,0,0,1,0,0,0
427,682,9,233031,26760,Neutral,3,13,70,4.461538461538462,0,0,0,0,12,38,5,0,0,0,0,0,1,0,0,0
6699,6549,25,19528,20383,Strong Agreement,7,44,234,4.340909090909091,0,0,0,0,37,46,2,0,0,0,0,0,0,0,0,1
435,2132,7,971,3293,Strong Disagreement,3,26,149,4.769230769230769,0,1,0,0,21,38,5,0,0,0,0,0,1,0,0,0
1493,3361,52,6571,20795,Strong Disagreement,3,35,184,4.545454545454546,0,0,0,1,27,38,10,0,0,0,0,0,1,0,0,0
242,550,13,3024,4748,Strong Disagreement,4,6,30,4.166666666666667,0,0,0,0,5,39,9,0,0,0,0,0,0,1,0,0
3857,4908,2,16949,16695,Weak Agreement,3,4,19,4.0,0,0,0,1,3,38,1,0,0,0,0,0,1,0,1,0
937,718,3,16956,18871,Weak Agreement,3,7,49,6.142857142857143,0,0,0,0,4,39,1,0,0,0,0,0,0,1,1,0
4268,4983,12,7070,36687,Strong Agreement,4,32,145,4.071428571428571,0,0,0,9,11,38,2,0,0,0,0,0,1,0,0,1
168,89,11,4651,6311,Strong Disagreement,4,11,55,4.090909090909091,0,0,0,11,0,38,8,0,0,0,0,0,1,0,0,0
11801,1635,216,9744,142340,Strong Disagreement,3,30,186,5.233333333333333,0,0,0,1,25,38,9,0,0,0,0,0,1,0,0,0
1931,232,17,12937,8034,Weak Disagreement,3,16,96,5.0625,0,0,0,0,14,38,1,0,0,0,0,0,1,0,1,0
33,63,0,3180,3328,Strong Agreement,3,7,36,5.0,0,0,0,0,4,39,1,0,0,0,0,0,0,1,1,0
30,74,0,92,115,Strong Disagreement,3,44,215,4.195121951219512,0,1,1,3,33,41,9,0,0,0,0,0,0,0,0,0
97,244,4,30944,18097,Weak Disagreement,3,5,20,3.2,0,0,0,0,4,39,2,0,0,0,0,0,0,1,0,1
3372,2934,55,30458,48210,Strong Agreement,4,17,69,3.1176470588235294,0,0,1,1,14,39,9,0,0,0,0,0,0,1,0,0
2962,3293,2,34516,55384,Strong Agreement,5,2,13,6.0,0,0,0,0,1,38,6,0,0,0,0,0,1,0,0,0
4273,4370,7,41962,40853,Weak Agreement,3,4,29,6.5,0,0,0,0,3,39,1,0,0,0,0,0,0,1,1,0
3252,4240,8,18969,24258,Neutral,3,16,174,9.9375,0,13,0,2,7,39,1,0,0,0,0,0,0,1,1,0
242,359,2,5241,5674,Strong Agreement,3,9,48,4.444444444444445,0,0,0,0,8,38,7,0,0,0,0,0,1,0,0,0
175,112,0,589,14586,Strong Disagreement,5,3,17,5.0,0,0,0,0,2,39,7,0,0,0,0,0,0,1,0,0
669,479,15,32466,17417,Weak Agreement,3,19,118,5.2631578947368425,0,0,0,0,16,39,6,0,0,0,0,0,0,1,0,0
8752,8907,31,20855,18230,Strong Agreement,4,12,66,4.583333333333333,0,0,0,0,10,38,3,0,0,0,0,0,1,0,0,0
303,125,15,19261,8665,Strong Disagreement,5,32,225,5.787878787878788,0,3,0,0,27,38,8,0,0,0,0,0,1,0,0,0
259,461,7,4100,1540,Strong Disagreement,7,23,128,4.608695652173913,0,0,0,2,18,39,10,0,0,0,0,0,0,1,0,0
5415,5333,105,14122,80427,Neutral,4,10,46,3.7,0,0,0,1,8,38,7,0,0,0,0,0,1,0,0,0
18891,16150,26,12997,19424,Weak Disagreement,4,32,167,4.25,1,0,0,2,28,38,2,0,0,0,0,0,1,0,0,1
14975,15470,14,13859,8906,Weak Disagreement,3,9,58,5.555555555555555,0,0,0,0,7,38,3,0,0,0,0,0,1,0,0,0
48,261,2,403,572,Strong Disagreement,6,20,134,5.75,0,0,0,0,13,39,5,0,0,0,0,0,0,1,0,0
335,179,6,7003,10116,Strong Disagreement,4,4,25,5.5,0,0,0,0,3,38,7,0,0,0,0,0,1,0,0,0
1337,2054,29,35283,12077,Weak Disagreement,3,19,128,5.7894736842105265,0,0,0,0,15,38,9,0,0,0,0,0,1,0,0,0
96,418,1,161,826,Strong Disagreement,4,25,157,5.32,1,0,0,0,23,38,7,0,0,0,0,0,1,0,0,0
5521,6053,100,4833,110055,Strong Agreement,5,20,137,5.6,0,0,0,20,0,39,6,0,0,0,0,0,0,1,0,0
5717,5813,82,109904,143683,Strong Agreement,4,5,28,4.8,0,0,0,3,1,39,2,0,0,0,0,0,0,1,0,1
233,393,19,526,767,Strong Disagreement,3,11,79,6.2727272727272725,0,1,0,2,8,39,10,0,0,0,0,0,0,1,0,0
729,663,4,48486,17275,Strong Agreement,3,33,193,4.878787878787879,0,0,1,3,25,39,3,0,0,0,0,0,0,1,0,0
84,166,1,8261,4394,Neutral,3,24,121,4.083333333333333,0,0,0,0,22,38,2,0,0,0,0,0,1,0,0,1
7814,7926,12,7229,3701,Strong Agreement,4,12,51,3.3333333333333335,0,0,0,1,10,40,1,0,0,0,0,0,0,0,1,0
3771,3956,209,207217,310541,Strong Disagreement,3,13,81,5.3076923076923075,0,0,0,0,12,39,7,0,0,0,0,0,0,1,0,0
10389,8044,27,96757,8706,Weak Disagreement,3,3,11,3.0,0,0,0,0,2,38,5,0,0,0,0,0,1,0,0,0
218,272,0,1201,3360,Strong Agreement,8,41,257,5.2926829268292686,0,0,0,6,23,39,1,0,0,0,0,0,0,1,1,0
1679,1806,3,21825,25191,Neutral,3,15,74,4.0,0,0,0,0,13,44,1,0,0,0,0,0,0,0,1,0
0,0,0,2,1366,Neutral,3,6,36,5.166666666666667,0,0,0,0,3,38,0,0,0,0,0,0,1,0,0,0
2456,2170,72,33438,29166,Neutral,3,4,23,5.0,0,0,0,0,1,38,10,0,0,0,0,0,1,0,0,0
408,344,0,22448,2717,Strong Disagreement,4,15,77,4.2,0,0,1,0,12,38,1,0,0,0,0,0,1,0,1,0
7317,6857,60,2371,69595,Weak Agreement,3,13,77,5.0,0,0,0,0,12,40,3,0,0,0,0,0,0,0,0,0
2655,3096,10,52943,25661,Weak Agreement,5,11,64,4.909090909090909,0,0,0,1,7,38,6,0,0,0,0,0,1,0,0,0
318,681,6,26207,21667,Strong Agreement,4,6,37,5.333333333333333,0,1,0,0,6,39,8,0,0,0,0,0,0,1,0,0
2181,1876,84,44626,49136,Strong Disagreement,3,14,67,3.857142857142857,0,0,0,0,13,39,8,0,0,0,0,0,0,1,0,0
4178,4981,27,101653,37350,Strong Disagreement,3,9,41,3.6666666666666665,0,0,0,0,7,38,3,0,0,0,0,0,1,0,0,0
11874,12500,6,1974,3748,Strong Disagreement,4,29,150,4.518518518518518,0,0,0,0,23,38,9,0,0,0,0,0,1,0,0,0
6,157,0,65,30,Weak Disagreement,3,6,24,3.1666666666666665,0,0,0,0,4,39,3,0,0,0,0,0,0,1,0,0
4226,4633,12,11259,9507,Strong Agreement,3,38,246,5.5,0,1,1,0,28,39,9,0,0,0,0,0,0,1,0,0
399,723,2,5093,9004,Strong Disagreement,5,9,60,5.777777777777778,0,0,0,0,7,38,7,0,0,0,0,0,1,0,0,0
123,271,9,388,18021,Strong Disagreement,5,23,135,4.913043478260869,0,0,0,0,18,40,10,0,0,0,0,0,0,0,0,0
67,158,0,5824,6181,Weak Agreement,3,3,15,4.333333333333333,0,0,0,0,2,38,1,0,0,0,0,0,1,0,1,0
1225,169,7,11852,3877,Weak Agreement,3,10,62,5.3,0,0,0,1,7,38,9,0,0,0,0,0,1,0,0,0
162,1096,2,20140,10413,Strong Disagreement,3,7,49,6.142857142857143,0,0,0,0,5,39,5,0,0,0,0,0,0,1,0,0
3975,4779,5,8125,8479,Weak Agreement,3,16,84,4.3125,0,0,1,0,11,38,1,0,0,0,0,0,1,0,1,0
2248,416,33,11367,6407,Strong Disagreement,6,4,26,5.75,0,0,0,0,3,38,8,0,0,0,0,0,1,0,0,0
26,256,0,284,634,Strong Disagreement,5,13,64,4.0,0,0,0,2,9,38,2,0,0,0,0,0,1,0,0,1
89,455,0,1627,1310,Strong Disagreement,3,25,134,4.4,0,0,0,1,22,39,9,0,0,0,0,0,0,1,0,0
3022,3518,10,10743,10998,Strong Agreement,5,31,155,4.310344827586207,0,0,0,2,16,38,1,0,0,0,0,0,1,0,1,0
151,391,1,734,803,Weak Disagreement,3,21,121,4.809523809523809,0,0,0,0,19,38,9,0,0,0,0,0,1,0,0,0
1735,644,53,14690,23467,Strong Disagreement,3,11,50,3.6363636363636362,0,0,0,1,9,38,2,0,0,0,0,0,1,0,0,1
6032,5858,62,79327,75537,Weak Agreement,3,14,82,4.928571428571429,0,0,0,0,12,39,9,0,0,0,0,0,0,1,0,0
331,668,1,36665,17006,Neutral,3,8,39,4.0,0,0,0,0,7,38,9,0,0,0,0,0,1,0,0,0
6,26,0,64,480,Strong Disagreement,4,32,197,5.1875,0,0,0,0,30,39,1,0,0,0,0,0,0,1,1,0
164,333,13,4904,19086,Strong Disagreement,4,17,87,4.176470588235294,0,0,0,1,13,38,10,0,0,0,0,0,1,0,0,0
23,698,0,478,343,Weak Agreement,3,7,55,7.0,0,0,0,0,7,39,7,0,0,0,0,0,0,1,0,0
6094,5446,6,40176,47355,Strong Agreement,5,17,90,4.352941176470588,0,0,0,0,15,38,4,0,0,0,0,0,1,0,0,0
355,420,0,70953,51133,Weak Disagreement,4,17,100,4.9411764705882355,0,0,0,2,12,38,1,0,0,0,0,0,1,0,1,0
21185,21157,316,132,289368,Strong Agreement,4,7,30,3.4285714285714284,0,0,0,0,7,38,9,0,0,0,0,0,1,0,0,0
71,154,0,15882,1536,Weak Disagreement,3,24,125,4.25,0,0,0,0,22,39,9,0,0,0,0,0,0,1,0,0
3702,4593,2,35661,9755,Weak Agreement,3,5,45,8.2,0,0,0,0,4,40,2,0,0,0,0,0,0,0,0,1
10,83,0,275,173,Weak Disagreement,4,15,70,3.7333333333333334,0,0,0,1,11,38,9,0,0,0,0,0,1,0,0,0
4038,4969,0,16327,45563,Strong Agreement,3,22,134,5.136363636363637,1,0,0,0,20,41,8,0,0,0,0,0,0,0,0,0
350,260,0,19154,15042,Neutral,3,8,52,5.625,0,0,0,0,5,39,3,0,0,0,0,0,0,1,0,0
1723,1689,27,55077,69227,Strong Disagreement,3,12,75,5.333333333333333,0,0,0,0,10,38,9,0,0,0,0,0,1,0,0,0
2511,2256,13,24170,29299,Neutral,3,3,20,6.0,0,0,0,0,2,38,5,0,0,0,0,0,1,0,0,0
307,241,2,27462,5044,Strong Agreement,3,4,27,6.0,0,0,0,0,2,39,6,0,0,0,0,0,0,1,0,0
1434,1501,5,10087,2484,Strong Agreement,3,35,203,4.828571428571428,0,0,0,2,29,38,2,0,0,0,0,0,1,0,0,1
247,625,7,5289,5766,Strong Disagreement,5,29,150,4.357142857142857,0,0,0,0,25,38,8,0,0,0,0,0,1,0,0,0
282,772,10,3341,1431,Weak Disagreement,3,7,32,3.7142857142857144,0,0,0,0,4,38,7,0,0,0,0,0,1,0,0,0
288,171,0,42022,16405,Weak Agreement,3,14,82,4.928571428571429,0,0,0,0,12,39,5,0,0,0,0,0,0,1,0,0
1935,2377,0,3441,2384,Neutral,3,2,21,10.0,1,0,0,0,0,38,1,0,0,0,0,0,1,0,1,0
1854,2819,3,2220,11637,Weak Agreement,3,36,220,5.138888888888889,0,0,1,1,25,38,1,0,0,0,0,0,1,0,1,0
883,582,13,272,524,Weak Disagreement,3,44,269,5.380952380952381,0,0,0,0,37,39,7,0,0,0,0,0,0,1,0,0
110,687,5,803,5046,Neutral,3,22,104,4.15,0,0,0,0,14,38,2,0,0,0,0,0,1,0,0,1
7034,6150,85,1277,38680,Strong Agreement,3,4,33,7.5,0,0,0,0,1,38,10,0,0,0,0,0,1,0,0,0
569,286,5,26863,26031,Strong Agreement,5,21,134,5.7,0,0,0,0,18,38,2,0,0,0,0,0,1,0,0,1
56,60,0,7372,714,Weak Agreement,3,1,4,4.0,0,0,0,0,0,38,1,0,0,0,0,0,1,0,1,0
540,491,13,16900,21392,Neutral,3,13,73,4.6923076923076925,0,0,0,0,11,38,7,0,0,0,0,0,1,0,0,0
80,728,1,5321,5732,Neutral,4,6,24,3.1666666666666665,0,0,0,0,5,38,1,0,0,0,0,0,1,0,1,0
1194,2429,36,5306,13363,Weak Agreement,3,20,125,5.3,0,0,0,0,18,39,8,0,0,0,0,0,0,1,0,0
32,128,1,1658,2366,Weak Disagreement,3,13,66,4.153846153846154,0,0,2,0,7,40,6,0,0,0,0,0,0,0,0,0
34,83,0,997,2242,Weak Agreement,6,6,37,5.333333333333333,0,0,0,1,3,38,1,0,0,0,0,0,1,0,1,0
1239,1035,77,5389,4786,Strong Agreement,6,24,130,4.04,0,0,0,9,12,40,3,0,0,0,0,0,0,0,0,0
1732,2099,64,8436,9278,Strong Disagreement,4,24,143,5.217391304347826,0,0,0,0,20,39,9,0,0,0,0,0,0,1,0,0
205,956,10,458,7432,Neutral,4,9,46,4.75,0,0,0,1,5,39,8,0,0,0,0,0,0,1,0,0
17050,17540,6,9754,5974,Weak Agreement,3,16,87,4.5,0,0,0,0,15,39,5,0,0,0,0,0,0,1,0,0
989,355,6,45585,57450,Strong Agreement,4,20,116,4.85,0,0,0,1,18,38,5,0,0,0,0,0,1,0,0,0
737,817,10,8766,3835,Strong Agreement,3,16,108,5.8125,1,0,0,0,11,38,2,0,0,0,0,0,1,0,0,1
768,3099,0,26940,31810,Weak Agreement,4,3,10,2.6666666666666665,0,0,0,0,2,38,1,0,0,0,0,0,1,0,1,0
518,232,11,5256,3244,Weak Agreement,3,12,86,6.25,2,0,0,0,9,39,6,0,0,0,0,0,0,1,0,0
52,204,9,1282,3813,Neutral,3,16,89,4.933333333333334,0,0,0,0,10,39,5,0,0,0,0,0,0,1,0,0
479,225,42,39194,54618,Strong Agreement,4,9,50,4.666666666666667,1,0,0,1,5,39,9,0,0,0,0,0,0,1,0,0
2337,4999,34,93118,14488,Strong Agreement,5,33,183,4.575757575757576,1,0,0,0,21,39,3,0,0,0,0,0,0,1,0,0
499,1650,9,6669,14349,Strong Agreement,4,5,37,6.6,1,0,0,0,3,40,9,0,0,0,0,0,0,0,0,0
2774,3773,3,33049,26684,Strong Agreement,3,24,159,5.666666666666667,1,0,0,0,20,39,1,0,0,0,0,0,0,1,1,0
0,9,0,97,168,Neutral,4,42,257,5.142857142857143,0,0,2,1,29,39,6,0,0,0,0,0,0,1,0,0
5655,6051,8,7238,15369,Strong Disagreement,3,5,29,5.0,0,0,0,0,3,39,1,0,0,0,0,0,0,1,1,0
3,14,0,8,91,Weak Disagreement,4,40,220,4.525,0,0,0,0,36,40,1,0,0,0,0,0,0,0,1,0
2232,807,47,60645,68738,Strong Agreement,3,13,79,5.153846153846154,2,0,0,0,10,40,6,0,0,0,0,0,0,0,0,0
46,238,0,916,1982,Strong Agreement,3,6,31,4.333333333333333,0,0,0,0,4,39,6,0,0,0,0,0,0,1,0,0
284,201,2,31779,36586,Strong Agreement,7,7,69,5.0,0,0,0,4,3,39,1,0,0,0,0,0,0,1,1,0
96,56,1,178,3923,Strong Disagreement,4,21,119,4.714285714285714,0,0,1,0,18,39,7,0,0,0,0,0,0,1,0,0
8320,8061,23,25204,27691,Strong Disagreement,4,5,25,4.2,0,0,0,1,2,39,5,0,0,0,0,0,0,1,0,0
4777,4807,95,30353,60404,Weak Disagreement,4,1,10,10.0,0,0,0,0,0,39,4,0,0,0,0,0,0,1,0,0
938,1697,63,20930,26720,Weak Agreement,3,7,29,3.2857142857142856,0,0,0,2,3,39,4,0,0,0,0,0,0,1,0,0
1617,30,12,5383,5893,Neutral,4,9,49,4.555555555555555,0,0,0,0,8,38,0,0,0,0,0,0,1,0,0,0
1422,2735,47,4202,21908,Strong Agreement,4,9,47,4.333333333333333,1,0,0,1,6,38,9,0,0,0,0,0,1,0,0,0
49,238,0,110,30,Weak Agreement,4,4,22,4.75,0,0,0,0,2,38,9,0,0,0,0,0,1,0,0,0
31,154,0,483,313,Strong Agreement,6,25,124,4.0,0,0,0,2,20,38,4,0,0,0,0,0,1,0,0,0
19,86,4,421,2337,Strong Disagreement,4,14,83,5.0,0,0,0,0,12,39,7,0,0,0,0,0,0,1,0,0
0,0,0,58,174,Weak Disagreement,4,4,25,5.5,0,0,0,0,2,40,0,0,0,0,0,0,0,0,0,0
1,10,0,25,13,Strong Agreement,4,28,153,4.5,0,0,0,1,22,40,9,0,0,0,0,0,0,0,0,0
721,3214,59,13933,9681,Neutral,5,3,102,24.25,1,0,0,0,1,39,9,0,0,0,0,0,0,1,0,0
178,500,48,1679,3041,Strong Agreement,4,19,146,6.7368421052631575,5,0,0,0,12,39,9,0,0,0,0,0,0,1,0,0
9,39,0,488,17,Strong Agreement,7,47,289,4.411764705882353,1,0,0,5,31,39,9,0,0,0,0,0,0,1,0,0
2667,1413,13,25205,30424,Strong Disagreement,3,7,42,5.142857142857143,0,0,0,0,4,39,1,0,0,0,0,0,0,1,1,0
19,128,0,664,1018,Weak Disagreement,3,5,24,4.0,0,0,0,1,4,39,6,0,0,0,0,0,0,1,0,0
3966,4039,22,48202,49614,Weak Agreement,4,1,9,9.0,0,0,0,0,0,38,2,0,0,0,0,0,1,0,0,1
5,27,0,310,344,Strong Agreement,4,9,46,4.222222222222222,0,0,0,0,7,38,1,0,0,0,0,0,1,0,1,0
1,16,0,146,74,Strong Agreement,6,9,47,3.6,0,0,0,2,6,38,0,0,0,0,0,0,1,0,0,0
196,98,5,1804,28746,Strong Disagreement,4,47,277,4.914893617021277,0,0,0,1,41,38,2,0,0,0,0,0,1,0,0,1
757,1163,18,15166,4666,Strong Disagreement,3,2,19,9.0,0,0,0,1,0,42,8,0,0,0,0,0,0,0,0,0
38,146,0,150,337,Strong Agreement,8,29,177,4.724137931034483,0,0,1,4,22,41,9,0,0,0,0,0,0,0,0,0
7,51,0,41,114,Weak Disagreement,4,26,138,4.346153846153846,0,0,2,0,23,41,10,0,0,0,0,0,0,0,0,0
47,297,0,611,958,Weak Disagreement,3,10,48,3.9,0,0,0,1,8,41,7,0,0,0,0,0,0,0,0,0
44,214,6,493,2816,Weak Disagreement,4,20,119,5.0,0,0,0,0,19,40,5,0,0,0,0,0,0,0,0,0
1519,4995,100,75831,126689,Weak Agreement,5,16,67,3.7142857142857144,0,0,0,0,12,40,8,0,0,0,0,0,0,0,0,0
141,215,5,29247,6248,Strong Agreement,3,45,225,4.022222222222222,0,0,1,3,35,40,5,0,0,0,0,0,0,0,0,0
12,77,0,810,361,Weak Agreement,5,12,74,5.25,0,0,0,1,10,40,2,0,0,0,0,0,0,0,0,1
9,114,0,8,346,Strong Disagreement,3,1,2,2.0,0,0,0,1,0,39,7,0,0,0,0,0,0,1,0,0
744,460,193,48159,64638,Strong Agreement,5,7,57,7.285714285714286,1,0,0,0,5,39,6,0,0,0,0,0,0,1,0,0
2232,706,108,164,98891,Strong Disagreement,3,5,34,6.0,0,0,0,0,3,39,7,0,0,0,0,0,0,1,0,0
1210,532,48,500,117262,Neutral,4,24,129,4.416666666666667,0,0,0,1,21,39,9,0,0,0,0,0,0,1,0,0
68,85,0,3846,3728,Neutral,3,13,85,5.615384615384615,0,0,0,0,11,39,7,0,0,0,0,0,0,1,0,0
1748,1378,24,24441,45272,Weak Agreement,3,28,182,5.535714285714286,1,0,0,1,24,39,2,0,0,0,0,0,0,1,0,1
112,312,1,6586,1320,Strong Agreement,3,6,35,5.0,1,0,0,1,4,39,9,0,0,0,0,0,0,1,0,0
22,33,0,348,146,Strong Agreement,4,25,130,4.24,0,0,0,2,20,39,8,0,0,0,0,0,0,1,0,0
18,184,0,3172,458,Strong Agreement,3,3,44,14.0,0,0,0,1,2,39,1,0,0,0,0,0,0,1,1,0
104,134,0,7801,2581,Strong Agreement,3,14,80,4.785714285714286,0,0,0,1,11,39,2,0,0,0,0,0,0,1,0,1
100,362,6,842,2439,Strong Agreement,5,3,22,6.666666666666667,1,0,0,0,1,39,8,0,0,0,0,0,0,1,0,0
20,24,0,843,117,Strong Agreement,5,48,278,4.8125,0,0,0,3,40,39,0,0,0,0,0,0,0,1,0,0
234,389,10,1792,1648,Neutral,5,1,15,15.0,0,1,0,0,0,39,6,0,0,0,0,0,0,1,0,0
3311,3686,0,78577,77037,Strong Disagreement,4,40,222,4.815789473684211,1,0,0,1,32,39,9,0,0,0,0,0,0,1,0,0
1477,1981,9,4554,8618,Strong Disagreement,3,4,27,6.0,0,0,0,0,2,39,4,0,0,0,0,0,0,1,0,0
691,1661,15,11840,15792,Strong Disagreement,7,50,276,4.54,0,0,0,0,43,39,5,0,0,0,0,0,0,1,0,0
0,15,0,17,76,Weak Agreement,3,22,137,5.523809523809524,1,0,0,6,12,39,1,0,0,0,0,0,0,1,1,0
187,454,3,10636,5769,Strong Agreement,7,9,53,4.666666666666667,0,0,0,0,7,39,2,0,0,0,0,0,0,1,0,1
37,224,3,197,2485,Weak Disagreement,3,6,28,3.8333333333333335,0,0,0,0,4,39,6,0,0,0,0,0,0,1,0,0
4497,4515,0,6468,3601,Weak Disagreement,4,1,9,9.0,1,0,0,0,0,39,9,0,0,0,0,0,0,1,0,0
55,192,0,2253,2990,Neutral,5,51,276,4.431372549019608,0,0,0,4,41,39,0,0,0,0,0,0,0,1,0,0
2385,2258,150,13172,239067,Weak Disagreement,4,8,54,5.875,0,0,0,0,5,39,7,0,0,0,0,0,0,1,0,0
17,95,0,5226,679,Strong Agreement,5,22,106,4.0476190476190474,0,0,0,1,17,39,3,0,0,0,0,0,0,1,0,0
26,103,0,1783,592,Strong Agreement,4,1,9,9.0,0,0,0,0,0,38,6,0,0,0,0,0,1,0,0,0
61,234,0,1170,1255,Weak Agreement,4,4,15,3.0,0,0,0,0,3,38,1,0,0,0,0,0,1,0,1,0
32,217,0,396,41,Weak Agreement,4,7,47,5.857142857142857,0,1,0,1,3,38,5,0,0,0,0,0,1,0,0,0
15,27,0,309,178,Strong Disagreement,8,40,261,5.55,0,2,0,0,35,38,1,0,0,0,0,0,1,0,1,0
1061,1510,4,48402,18162,Strong Agreement,7,2,14,6.5,0,0,0,1,1,38,2,0,0,0,0,0,1,0,0,1
0,5,0,66,28,Weak Agreement,3,8,42,4.375,0,0,0,0,7,38,1,0,0,0,0,0,1,0,1,0
2080,2650,70,15175,38977,Strong Agreement,3,28,257,7.310344827586207,0,0,0,0,19,38,10,0,0,0,0,0,1,0,0,0
142,429,3,23049,8572,Strong Agreement,7,47,274,4.851063829787234,1,0,0,4,35,38,6,0,0,0,0,0,1,0,0,0
491,1121,9,2993,9572,Weak Disagreement,4,14,81,4.857142857142857,0,0,0,0,13,38,2,0,0,0,0,0,1,0,0,1
548,535,1,6798,893,Weak Agreement,4,1,13,13.0,1,0,0,0,0,38,3,0,0,0,0,0,1,0,0,0
3,44,0,117,108,Weak Disagreement,3,28,158,4.678571428571429,0,0,0,2,20,38,0,0,0,0,0,0,1,0,0,0
285,976,0,1065,2186,Neutral,5,16,109,5.352941176470588,0,1,0,1,12,38,9,0,0,0,0,0,1,0,0,0
156,223,0,9201,10071,Strong Agreement,3,1,12,12.0,1,0,0,0,0,38,1,0,0,0,0,0,1,0,1,0
85,59,1,620,1574,Strong Agreement,3,42,234,4.595238095238095,2,0,1,1,38,38,1,0,0,0,0,0,1,0,1,0
85,735,2,62,5009,Weak Agreement,3,40,246,5.175,0,0,1,0,36,38,7,0,0,0,0,0,1,0,0,0
454,804,3,518,2075,Weak Disagreement,3,1,5,5.0,0,0,0,0,0,47,1,0,0,0,0,0,0,0,1,0
136,859,16,134,3803,Strong Disagreement,3,7,37,4.428571428571429,0,0,0,0,6,45,8,0,0,0,0,0,0,0,0,0
5168,5294,17,6337,7559,Strong Disagreement,3,14,75,4.428571428571429,1,0,0,0,10,42,0,0,0,0,0,0,0,0,0,0
94,79,1,2250,3523,Neutral,3,2,11,5.0,0,0,0,0,0,41,1,0,0,0,0,0,0,0,1,0
21,46,5,1283,484,Weak Disagreement,4,27,145,4.407407407407407,0,0,0,1,23,41,4,0,0,0,0,0,0,0,0,0
66,306,0,7751,773,Weak Disagreement,3,6,32,4.5,0,0,0,0,4,41,2,0,0,0,0,0,0,0,0,1
0,24,0,8,4,Strong Agreement,4,32,167,4.25,0,0,0,3,25,41,0,0,0,0,0,0,0,0,0,0
20,76,0,135,273,Strong Disagreement,4,34,342,9.088235294117647,0,0,0,0,33,41,5,0,0,0,0,0,0,0,0,0
367,192,16,112,3350,Weak Disagreement,4,39,233,4.725,0,0,1,1,26,41,9,0,0,0,0,0,0,0,0,0
1,8,0,92,405,Weak Agreement,4,20,107,4.4,0,0,0,1,18,41,5,0,0,0,0,0,0,0,0,0
3321,3196,30,25691,27131,Strong Disagreement,3,5,38,6.8,0,0,0,0,4,41,3,0,0,0,0,0,0,0,0,0
26,139,0,385,652,Weak Disagreement,4,34,183,4.545454545454546,0,0,0,1,31,40,9,0,0,0,0,0,0,0,0,0
3,24,0,202,149,Strong Disagreement,3,31,152,4.357142857142857,0,0,1,1,19,40,5,0,0,0,0,0,0,0,0,0
8,44,0,383,1321,Strong Agreement,5,3,14,4.0,0,0,0,0,2,40,2,0,0,0,0,0,0,0,0,1
9,29,0,62,1438,Weak Disagreement,4,6,29,4.0,0,0,0,0,5,40,2,0,0,0,0,0,0,0,0,1
11,43,0,211,158,Neutral,3,36,331,6.725,0,0,0,4,5,40,6,0,0,0,0,0,0,0,0,0
0,14,0,123,11,Strong Disagreement,3,13,77,5.0,0,0,0,0,11,40,1,0,0,0,0,0,0,0,1,0
300,1091,8,8,21919,Strong Agreement,5,11,66,5.090909090909091,0,0,0,0,4,40,5,0,0,0,0,0,0,0,0,0
300,1091,8,8,21919,Strong Agreement,5,23,140,5.130434782608695,0,0,0,1,18,40,5,0,0,0,0,0,0,0,0,0
3867,4847,12,9614,15802,Strong Disagreement,3,16,72,4.071428571428571,0,0,0,6,6,40,2,0,0,0,0,0,0,0,0,1
1,0,0,7,860,Strong Disagreement,4,25,171,5.88,0,0,0,1,21,40,0,0,0,0,0,0,0,0,0,0
11593,12365,66,144653,79302,Weak Disagreement,4,13,75,5.7272727272727275,0,0,0,0,7,40,4,0,0,0,0,0,0,0,0,0
6580,6698,3,14053,15014,Strong Agreement,4,2,29,14.0,2,0,0,0,1,40,2,0,0,0,0,0,0,0,0,1
11,785,0,2147,241,Neutral,5,5,25,4.2,0,0,0,1,3,40,1,0,0,0,0,0,0,0,1,0
2952,2826,20,17089,15792,Strong Disagreement,3,31,167,4.419354838709677,2,0,0,1,23,40,9,0,0,0,0,0,0,0,0,0
5691,5276,33,6066,31669,Weak Disagreement,4,4,30,6.75,0,0,0,0,3,40,3,0,0,0,0,0,0,0,0,0
143,528,16,240,819,Strong Agreement,4,53,274,4.188679245283019,2,0,0,2,46,40,7,0,0,0,0,0,0,0,0,0
42,175,1,150,399,Weak Agreement,3,12,72,5.083333333333333,0,0,0,0,9,40,7,0,0,0,0,0,0,0,0,0
14,111,0,744,945,Weak Disagreement,6,34,215,5.264705882352941,0,2,0,2,25,40,10,0,0,0,0,0,0,0,0,0
76,278,1,19,4844,Weak Disagreement,5,44,263,5.0,0,0,0,0,42,40,9,0,0,0,0,0,0,0,0,0
76,278,1,19,4844,Weak Agreement,3,46,247,4.391304347826087,0,0,0,1,42,40,9,0,0,0,0,0,0,0,0,0
191,566,0,2835,1842,Strong Disagreement,5,10,62,5.3,0,0,0,0,8,39,8,0,0,0,0,0,0,1,0,0
206,452,18,129,11705,Strong Disagreement,3,39,244,5.282051282051282,0,0,1,1,31,8,10,1,0,0,0,0,0,0,0,0
5892,4214,398,4875,60272,Neutral,4,22,134,4.6521739130434785,0,0,0,1,17,7,11,1,0,0,0,1,0,0,0,0
3766,4189,20,17871,25820,Neutral,5,52,253,3.8846153846153846,0,0,1,6,41,7,2,1,0,0,0,1,0,0,0,1
451,1062,26,2306,3479,Neutral,3,12,59,4.0,0,0,0,0,11,9,9,1,0,0,0,0,0,0,0,0
681,972,1,47676,12425,Strong Disagreement,3,44,227,4.181818181818182,0,0,0,3,36,8,9,1,0,0,0,0,0,0,0,0
595,926,14,16236,22531,Neutral,4,9,59,4.8,0,0,0,0,6,7,6,1,0,0,0,1,0,0,0,0
16740,1196,339,88510,77181,Neutral,3,7,43,5.285714285714286,0,0,0,0,6,17,10,1,0,0,0,0,0,0,0,0
233,644,1,48257,7350,Neutral,3,25,145,4.84,0,0,0,0,21,8,3,1,0,0,0,0,0,0,0,0
3146,459,69,15971,16921,Neutral,3,10,55,4.6,0,0,0,0,8,7,9,1,0,0,0,1,0,0,0,0
1363,681,7,2066,6914,Neutral,5,6,40,5.833333333333333,0,0,0,0,5,7,9,1,0,0,0,1,0,0,0,0
956,505,1,15416,14552,Neutral,5,5,28,4.8,0,0,0,1,0,7,1,1,0,0,0,1,0,0,1,0
3888,859,132,1041,1891,Weak Agreement,3,5,33,5.8,0,0,0,0,4,9,9,1,0,0,0,0,0,0,0,0
2076,1869,0,7018,10718,Neutral,5,2,11,5.0,0,0,0,0,1,7,2,1,0,0,0,1,0,0,0,1
179,320,4,45448,3117,Weak Disagreement,3,15,69,3.6666666666666665,0,0,0,1,13,7,2,1,0,0,0,1,0,0,0,1
4733,5389,67,6917,46239,Neutral,4,17,95,4.647058823529412,0,0,0,1,14,9,9,1,0,0,0,0,0,0,0,0
341,1309,9,8013,9838,Neutral,5,8,35,3.5,0,0,0,0,7,9,7,1,0,0,0,0,0,0,0,0
8,139,0,128,52,Neutral,3,5,29,5.0,0,0,0,0,4,9,1,1,0,0,0,0,0,0,1,0
341,589,2,48956,5049,Neutral,4,6,30,4.166666666666667,0,1,0,0,5,9,10,1,0,0,0,0,0,0,0,0
60,307,1,9390,2043,Neutral,4,3,13,3.6666666666666665,0,0,0,2,0,7,9,1,0,0,0,1,0,0,0,0
666,2725,2,7888,6567,Neutral,3,57,282,3.912280701754386,1,1,0,2,52,7,1,1,0,0,0,1,0,0,1,0
20251,18874,232,356116,226500,Weak Agreement,3,8,47,5.0,0,0,0,0,7,7,3,1,0,0,0,1,0,0,0,0
751,922,5,12939,10726,Neutral,4,13,75,4.846153846153846,0,0,0,0,11,7,1,1,0,0,0,1,0,0,1,0
253,126,1,542,2633,Neutral,5,31,146,3.7419354838709675,0,0,0,0,30,9,8,1,0,0,0,0,0,0,0,0
324,1805,9,3275,4212,Neutral,5,8,44,4.625,0,0,0,0,7,9,4,1,0,0,0,0,0,0,0,0
330,342,4,9712,4534,Neutral,4,32,175,4.5,0,0,0,3,27,8,9,1,0,0,0,0,0,0,0,0
50,306,0,1931,2178,Strong Disagreement,3,7,40,4.857142857142857,0,0,0,0,5,7,4,1,0,0,0,1,0,0,0,0
166,344,5,3937,7860,Neutral,3,7,50,5.125,0,0,0,8,0,7,3,1,0,0,0,1,0,0,0,0
12,143,1,338,577,Neutral,4,25,143,4.76,0,0,0,1,20,7,10,1,0,0,0,1,0,0,0,0
2846,4000,6,51836,18008,Neutral,5,31,196,5.354838709677419,0,0,0,0,22,7,2,1,0,0,0,1,0,0,0,1
11,25,0,743,366,Weak Disagreement,4,28,152,4.464285714285714,0,0,0,0,26,7,5,1,0,0,0,1,0,0,0,0
11,25,0,743,366,Strong Disagreement,3,12,61,4.166666666666667,0,0,0,1,11,7,5,1,0,0,0,1,0,0,0,0
999,4130,13,15893,25930,Neutral,4,6,43,6.333333333333333,2,0,0,1,3,7,7,1,0,0,0,1,0,0,0,0
1462,1158,33,133868,80871,Neutral,3,19,92,3.8947368421052633,0,0,0,0,17,7,2,1,0,0,0,1,0,0,0,1
201,954,12,4468,11158,Neutral,5,6,30,4.166666666666667,0,0,0,0,5,7,2,1,0,0,0,1,0,0,0,1
1646,423,67,14641,124083,Neutral,5,6,42,6.166666666666667,0,0,0,1,3,7,8,1,0,0,0,1,0,0,0,0
112,260,1,1872,2258,Neutral,4,42,228,4.4523809523809526,0,1,0,1,39,7,1,1,0,0,0,1,0,0,1,0
1,45,0,10,144,Neutral,3,3,17,5.0,0,0,0,0,2,14,2,1,0,0,0,0,0,0,0,1
207,275,11,5877,16959,Weak Disagreement,3,6,26,3.5,0,0,0,0,5,13,11,1,0,0,0,0,0,0,0,0
215,91,17,12714,23416,Neutral,7,6,33,4.666666666666667,0,0,0,0,5,13,6,1,0,0,0,0,0,0,0,0
2381,5001,74,3266,74633,Neutral,3,45,255,4.521739130434782,1,0,0,5,35,13,9,1,0,0,0,0,0,0,0,0
81,89,1,17540,11086,Weak Disagreement,5,3,13,3.6666666666666665,0,0,0,0,2,13,8,1,0,0,0,0,0,0,0,0
81,89,1,17540,11086,Weak Disagreement,3,3,14,4.0,0,0,0,0,2,13,8,1,0,0,0,0,0,0,0,0
159,1209,1,3722,6602,Neutral,4,21,115,5.0,0,0,0,1,15,13,6,1,0,0,0,0,0,0,0,0
8,134,1,938,1308,Neutral,4,41,231,4.658536585365853,0,0,0,0,40,13,1,1,0,0,0,0,0,0,1,0
261,371,5,6281,11831,Neutral,4,5,34,6.0,0,0,0,0,4,11,6,1,0,0,0,0,0,0,0,0
1767,1598,30,77117,56454,Strong Disagreement,7,45,288,4.73469387755102,1,0,0,1,33,10,3,1,0,0,0,0,0,0,0,0
1767,1598,30,77117,56454,Neutral,4,17,89,4.294117647058823,0,0,0,1,14,10,3,1,0,0,0,0,0,0,0,0
191,1360,8,35241,19671,Weak Disagreement,3,35,181,4.2,0,0,0,0,32,9,5,1,0,0,0,0,0,0,0,0
8,18,0,191,262,Weak Agreement,3,9,47,4.333333333333333,0,0,0,0,7,9,4,1,0,0,0,0,0,0,0,0
34,516,0,713,353,Strong Disagreement,3,11,55,4.090909090909091,0,0,0,1,6,9,1,1,0,0,0,0,0,0,1,0
2246,2294,4,8972,5760,Weak Disagreement,3,1,8,8.0,0,0,0,0,0,9,7,1,0,0,0,0,0,0,0,0
1097,604,44,11106,20324,Neutral,3,4,22,4.75,0,0,0,0,3,9,8,1,0,0,0,0,0,0,0,0
1775,1182,5,19484,6293,Neutral,4,4,19,4.0,0,0,0,1,3,9,8,1,0,0,0,0,0,0,0,0
29,100,0,3088,1922,Neutral,4,35,216,5.2,0,0,0,1,27,8,7,1,0,0,0,0,0,0,0,0
1144,571,38,3776,9094,Neutral,5,25,128,4.16,0,0,1,0,22,8,8,1,0,0,0,0,0,0,0,0
25,80,1,389,1130,Neutral,4,11,65,5.0,0,1,0,0,8,8,5,1,0,0,0,0,0,0,0,0
42,126,0,192,11275,Neutral,3,1,4,4.0,0,0,0,1,0,8,6,1,0,0,0,0,0,0,0,0
539,422,2,12204,12390,Neutral,4,12,68,4.75,0,0,0,1,9,8,8,1,0,0,0,0,0,0,0,0
6323,5816,99,32266,109868,Neutral,6,24,173,5.52,2,0,0,24,0,8,5,1,0,0,0,0,0,0,0,0
1221,1941,0,11008,10576,Neutral,3,46,269,4.977777777777778,0,1,0,2,38,8,5,1,0,0,0,0,0,0,0,0
34,125,0,315,1134,Neutral,5,7,37,4.428571428571429,0,0,0,0,6,8,6,1,0,0,0,0,0,0,0,0
23,44,1,5312,1181,Strong Disagreement,3,15,82,4.533333333333333,0,0,0,1,11,8,7,1,0,0,0,0,0,0,0,0
317,1064,3,2466,28062,Neutral,5,2,9,4.0,0,0,0,0,0,8,3,1,0,0,0,0,0,0,0,0
139,211,2,19111,1284,Neutral,3,10,48,3.9,0,0,0,0,8,8,5,1,0,0,0,0,0,0,0,0
49,124,0,1784,3175,Neutral,4,38,235,4.8,0,0,0,0,35,8,4,1,0,0,0,0,0,0,0,0
1191,569,6,55583,42108,Neutral,4,1,7,7.0,0,0,0,0,0,8,2,1,0,0,0,0,0,0,0,1
73,226,9,5887,6552,Weak Agreement,3,31,184,4.967741935483871,0,0,0,0,26,8,9,1,0,0,0,0,0,0,0,0
200,132,1,6733,1795,Neutral,5,13,71,5.363636363636363,0,0,0,0,8,8,6,1,0,0,0,0,0,0,0,0
23,58,2,14,13582,Strong Disagreement,3,31,147,3.774193548387097,0,0,0,1,28,8,5,1,0,0,0,0,0,0,0,0
38,30,2,1137,4079,Strong Agreement,3,14,88,6.25,2,0,0,2,8,7,2,1,0,0,0,1,0,0,0,1
69,157,0,11030,790,Neutral,4,9,54,5.111111111111111,0,0,0,1,6,7,6,1,0,0,0,1,0,0,0,0
39,65,0,7527,1976,Neutral,4,2,7,3.0,0,0,0,0,1,7,1,1,0,0,0,1,0,0,1,0
90,308,0,295,1083,Neutral,5,17,78,3.6470588235294117,0,0,0,1,12,7,1,1,0,0,0,1,0,0,1,0
291,207,3,26447,35699,Neutral,4,31,182,4.903225806451613,0,0,0,1,26,7,2,1,0,0,0,1,0,0,0,1
121,72,0,20201,9256,Weak Agreement,3,1,12,12.0,1,0,0,0,0,7,2,1,0,0,0,1,0,0,0,1
142,671,2,11157,2815,Neutral,4,10,50,4.1,0,0,0,0,7,7,4,1,0,0,0,1,0,0,0,0
1204,2284,5,1595,3287,Neutral,5,49,237,3.857142857142857,0,0,0,2,44,7,0,1,0,0,0,1,0,0,0,0
1445,1394,87,76711,78079,Neutral,3,1,11,11.0,0,1,0,0,1,7,5,1,0,0,0,1,0,0,0,0
2234,2100,10,23230,26046,Weak Agreement,3,20,111,4.6,0,0,0,2,15,7,3,1,0,0,0,1,0,0,0,0
72,91,0,3873,4934,Neutral,5,17,78,3.6470588235294117,0,0,0,0,14,7,5,1,0,0,0,1,0,0,0,0
379,618,4,7493,11152,Neutral,3,2,10,4.5,0,1,0,1,1,7,9,1,0,0,0,1,0,0,0,0
20,85,1,742,4158,Neutral,4,44,274,5.25,0,0,0,1,41,7,2,1,0,0,0,1,0,0,0,1
510,455,4,9693,18894,Neutral,4,4,30,6.75,0,1,0,1,0,7,6,1,0,0,0,1,0,0,0,0
510,455,4,9693,18894,Strong Disagreement,4,8,52,5.625,0,0,0,0,5,7,6,1,0,0,0,1,0,0,0,0
75,284,5,1273,12028,Neutral,5,11,56,4.181818181818182,0,0,0,0,8,7,2,1,0,0,0,1,0,0,0,1
27,228,1,3406,3962,Neutral,4,10,56,4.7,0,0,0,0,9,7,6,1,0,0,0,1,0,0,0,0
3690,2713,104,45181,86131,Strong Agreement,5,25,119,3.8,0,0,0,1,18,7,8,1,0,0,0,1,0,0,0,0
3690,2713,104,45181,86131,Neutral,4,43,286,5.222222222222222,0,0,1,20,18,7,8,1,0,0,0,1,0,0,0,0
23,145,0,2046,2818,Neutral,3,33,187,4.696969696969697,0,0,0,1,27,7,1,1,0,0,0,1,0,0,1,0
275,464,3,11309,36907,Neutral,5,5,23,3.8,0,0,0,1,0,7,3,1,0,0,0,1,0,0,0,0
26,48,2,1726,971,Neutral,4,16,88,4.866666666666666,0,0,0,1,12,7,9,1,0,0,0,1,0,0,0,0
3397,4179,7,2597,6914,Strong Agreement,3,41,234,4.7317073170731705,0,0,0,1,37,7,8,1,0,0,0,1,0,0,0,0
385,180,3,12255,6538,Strong Agreement,3,2,29,14.0,2,0,0,0,0,7,2,1,0,0,0,1,0,0,0,1
1798,2789,50,11215,38761,Neutral,4,34,287,6.368421052631579,0,0,0,0,38,7,2,1,0,0,0,1,0,0,0,1
719,1700,5,20329,10703,Strong Agreement,3,12,70,4.916666666666667,0,0,0,1,9,7,9,1,0,0,0,1,0,0,0,0
51,153,2,3949,4921,Strong Agreement,3,13,70,4.461538461538462,0,0,0,1,9,7,5,1,0,0,0,1,0,0,0,0
222,331,3,16243,15990,Neutral,4,17,103,5.4375,0,0,0,0,16,7,2,1,0,0,0,1,0,0,0,1
8,49,0,192,621,Neutral,3,43,273,5.372093023255814,1,1,0,1,36,7,3,1,0,0,0,1,0,0,0,0
10026,10294,52,57516,21217,Neutral,5,18,128,6.166666666666667,0,2,0,0,15,7,8,1,0,0,0,1,0,0,0,0
17,26,0,137,931,Weak Disagreement,3,3,22,6.666666666666667,0,0,0,0,3,7,8,1,0,0,0,1,0,0,0,0
127,126,1,15373,9474,Neutral,4,16,85,4.375,0,0,0,0,13,7,6,1,0,0,0,1,0,0,0,0
3992,4978,1,5602,6508,Neutral,4,46,282,5.1521739130434785,0,0,0,2,42,7,1,1,0,0,0,1,0,0,1,0
1724,1992,0,50772,15430,Neutral,3,15,88,4.933333333333334,0,0,0,1,14,7,9,1,0,0,0,1,0,0,0,0
235,124,6,423,7943,Neutral,4,40,221,4.55,0,0,0,0,35,7,10,1,0,0,0,1,0,0,0,0
339,487,2,3239,3809,Strong Agreement,3,25,145,5.260869565217392,1,0,0,5,14,7,6,1,0,0,0,1,0,0,0,0
134,199,0,4971,8939,Weak Disagreement,3,7,39,4.714285714285714,0,0,0,1,4,7,1,1,0,0,0,1,0,0,1,0
10,46,0,45,1769,Weak Disagreement,3,27,134,4.0,0,0,0,8,19,7,3,1,0,0,0,1,0,0,0,0
22,92,0,454,3776,Neutral,4,30,177,4.933333333333334,0,0,0,1,25,7,2,1,0,0,0,1,0,0,0,1
9301,9266,6,6408,69985,Neutral,4,15,60,3.8333333333333335,0,0,0,0,10,7,1,1,0,0,0,1,0,0,1,0
421,313,34,26036,20119,Weak Disagreement,3,28,160,4.75,0,0,0,0,26,7,5,1,0,0,0,1,0,0,0,0
32,90,0,4727,2523,Neutral,4,15,74,4.0,0,0,0,0,14,7,9,1,0,0,0,1,0,0,0,0
16757,18306,186,15607,214497,Neutral,5,2,22,10.5,1,0,0,0,0,7,7,1,0,0,0,1,0,0,0,0
186,402,1,4952,4232,Neutral,4,32,192,5.03125,0,1,0,3,27,7,4,1,0,0,0,1,0,0,0,0
1,24,0,78,19,Neutral,4,11,55,4.090909090909091,0,0,0,0,9,7,0,1,0,0,0,1,0,0,0,0
462,124,32,74539,38518,Neutral,4,46,279,5.086956521739131,1,0,0,2,27,7,3,1,0,0,0,1,0,0,0,0
1701,1254,49,38965,40417,Neutral,4,2,34,16.5,2,0,0,0,0,7,3,1,0,0,0,1,0,0,0,0
460,1298,38,12218,19900,Neutral,3,6,31,4.333333333333333,0,2,0,0,3,7,7,1,0,0,0,1,0,0,0,0
4632,4894,42,37760,48230,Neutral,4,1,10,10.0,0,0,0,0,0,7,4,1,0,0,0,1,0,0,0,0
367,3150,7,11209,14122,Neutral,5,15,72,3.8666666666666667,0,0,0,0,12,7,2,1,0,0,0,1,0,0,0,1
5798,6149,1,8484,5331,Neutral,4,2,7,3.0,0,0,0,1,0,7,1,1,0,0,0,1,0,0,1,0
73,216,0,352,7318,Neutral,5,9,41,3.6666666666666665,0,0,0,0,9,7,9,1,0,0,0,1,0,0,0,0
167,1372,0,1120,1822,Neutral,3,12,60,4.083333333333333,0,0,0,0,11,7,1,1,0,0,0,1,0,0,1,0
1891,3167,47,7679,14354,Neutral,3,7,34,4.0,0,0,0,0,6,7,11,1,0,0,0,1,0,0,0,0
